process1,process2,process3,process4,process5,process6,result
Facility1_2,Facility2_5,Facility3_5,Facility4_3,Facility5_3,Facility6_5,46.13
Facility1_3,Facility2_3,Facility3_1,Facility4_6,Facility5_4,Facility6_4,47.07
Facility1_4,Facility2_4,Facility3_1,Facility4_4,Facility5_5,Facility6_5,43.81
Facility1_5,Facility2_3,Facility3_2,Facility4_1,Facility5_6,Facility6_1,50.64
Facility1_6,Facility2_2,Facility3_6,Facility4_3,Facility5_2,Facility6_3,41.45
Facility1_5,Facility2_8,Facility3_4,Facility4_4,Facility5_8,Facility6_5,51.3
Facility1_5,Facility2_1,Facility3_6,Facility4_3,Facility5_5,Facility6_4,44.45
Facility1_1,Facility2_5,Facility3_6,Facility4_5,Facility5_7,Facility6_2,52.78
Facility1_6,Facility2_5,Facility3_5,Facility4_4,Facility5_1,Facility6_3,36.39
Facility1_1,Facility2_3,Facility3_2,Facility4_3,Facility5_4,Facility6_3,44.93
Facility1_7,Facility2_5,Facility3_6,Facility4_7,Facility5_3,Facility6_2,49.48
Facility1_6,Facility2_5,Facility3_1,Facility4_4,Facility5_8,Facility6_1,48.15
Facility1_2,Facility2_6,Facility3_5,Facility4_3,Facility5_2,Facility6_2,48.47
Facility1_6,Facility2_2,Facility3_4,Facility4_4,Facility5_2,Facility6_1,41.97
Facility1_6,Facility2_5,Facility3_4,Facility4_3,Facility5_5,Facility6_3,45.91
Facility1_5,Facility2_3,Facility3_5,Facility4_5,Facility5_7,Facility6_1,49.61
Facility1_1,Facility2_3,Facility3_3,Facility4_1,Facility5_8,Facility6_1,47.67
Facility1_6,Facility2_1,Facility3_5,Facility4_2,Facility5_4,Facility6_1,50.12
Facility1_7,Facility2_3,Facility3_4,Facility4_6,Facility5_5,Facility6_3,51.9
Facility1_3,Facility2_3,Facility3_1,Facility4_6,Facility5_2,Facility6_5,44.23
Facility1_5,Facility2_8,Facility3_2,Facility4_3,Facility5_5,Facility6_4,44.79
Facility1_6,Facility2_4,Facility3_1,Facility4_4,Facility5_6,Facility6_2,56.14
Facility1_5,Facility2_8,Facility3_2,Facility4_4,Facility5_4,Facility6_5,51.77
Facility1_6,Facility2_7,Facility3_6,Facility4_7,Facility5_8,Facility6_2,50.17
Facility1_7,Facility2_6,Facility3_3,Facility4_3,Facility5_1,Facility6_2,45.01
Facility1_3,Facility2_3,Facility3_6,Facility4_3,Facility5_2,Facility6_5,41.73
Facility1_5,Facility2_7,Facility3_3,Facility4_6,Facility5_7,Facility6_2,55.31
Facility1_2,Facility2_3,Facility3_3,Facility4_1,Facility5_3,Facility6_3,52.0
Facility1_4,Facility2_2,Facility3_2,Facility4_7,Facility5_5,Facility6_1,36.13
Facility1_7,Facility2_8,Facility3_3,Facility4_5,Facility5_7,Facility6_3,57.08
Facility1_6,Facility2_8,Facility3_5,Facility4_1,Facility5_3,Facility6_2,47.72
Facility1_2,Facility2_6,Facility3_3,Facility4_4,Facility5_6,Facility6_1,52.33
Facility1_2,Facility2_2,Facility3_4,Facility4_3,Facility5_3,Facility6_2,41.33
Facility1_2,Facility2_5,Facility3_3,Facility4_6,Facility5_3,Facility6_5,51.94
Facility1_2,Facility2_2,Facility3_6,Facility4_1,Facility5_1,Facility6_3,44.85
Facility1_3,Facility2_3,Facility3_6,Facility4_4,Facility5_4,Facility6_5,47.45
Facility1_3,Facility2_8,Facility3_6,Facility4_6,Facility5_6,Facility6_3,51.8
Facility1_4,Facility2_4,Facility3_3,Facility4_2,Facility5_7,Facility6_3,45.52
Facility1_5,Facility2_6,Facility3_6,Facility4_2,Facility5_1,Facility6_2,48.57
Facility1_1,Facility2_2,Facility3_5,Facility4_6,Facility5_6,Facility6_5,56.43
Facility1_7,Facility2_4,Facility3_4,Facility4_6,Facility5_7,Facility6_3,52.28
Facility1_5,Facility2_5,Facility3_5,Facility4_1,Facility5_7,Facility6_4,51.13
Facility1_6,Facility2_7,Facility3_4,Facility4_6,Facility5_7,Facility6_1,50.89
Facility1_3,Facility2_5,Facility3_5,Facility4_5,Facility5_8,Facility6_1,50.25
Facility1_3,Facility2_4,Facility3_6,Facility4_4,Facility5_2,Facility6_2,45.42
Facility1_5,Facility2_3,Facility3_5,Facility4_5,Facility5_5,Facility6_2,58.16
Facility1_5,Facility2_1,Facility3_3,Facility4_7,Facility5_8,Facility6_5,51.65
Facility1_7,Facility2_5,Facility3_6,Facility4_4,Facility5_6,Facility6_4,45.85
Facility1_7,Facility2_7,Facility3_2,Facility4_5,Facility5_3,Facility6_1,48.8
Facility1_2,Facility2_2,Facility3_4,Facility4_6,Facility5_2,Facility6_4,43.83
Facility1_7,Facility2_6,Facility3_4,Facility4_6,Facility5_7,Facility6_1,52.18
Facility1_6,Facility2_4,Facility3_1,Facility4_6,Facility5_7,Facility6_1,54.16
Facility1_4,Facility2_8,Facility3_2,Facility4_6,Facility5_2,Facility6_3,42.95
Facility1_4,Facility2_6,Facility3_1,Facility4_2,Facility5_5,Facility6_3,49.76
Facility1_4,Facility2_2,Facility3_2,Facility4_1,Facility5_2,Facility6_2,41.89
Facility1_7,Facility2_3,Facility3_1,Facility4_6,Facility5_8,Facility6_3,51.87
Facility1_3,Facility2_8,Facility3_2,Facility4_5,Facility5_7,Facility6_2,49.16
Facility1_4,Facility2_8,Facility3_5,Facility4_5,Facility5_7,Facility6_4,44.75
Facility1_7,Facility2_1,Facility3_4,Facility4_7,Facility5_4,Facility6_1,47.89
Facility1_3,Facility2_1,Facility3_1,Facility4_6,Facility5_6,Facility6_3,49.96
Facility1_7,Facility2_8,Facility3_4,Facility4_4,Facility5_1,Facility6_4,43.32
Facility1_7,Facility2_2,Facility3_3,Facility4_7,Facility5_6,Facility6_4,56.01
Facility1_3,Facility2_7,Facility3_5,Facility4_6,Facility5_2,Facility6_4,54.97
Facility1_1,Facility2_1,Facility3_2,Facility4_4,Facility5_5,Facility6_4,49.84
Facility1_3,Facility2_5,Facility3_5,Facility4_3,Facility5_6,Facility6_5,48.58
Facility1_4,Facility2_3,Facility3_4,Facility4_1,Facility5_5,Facility6_3,41.41
Facility1_5,Facility2_7,Facility3_5,Facility4_5,Facility5_5,Facility6_5,53.6
Facility1_3,Facility2_3,Facility3_1,Facility4_2,Facility5_5,Facility6_1,48.21
Facility1_3,Facility2_5,Facility3_6,Facility4_7,Facility5_6,Facility6_3,49.19
Facility1_2,Facility2_1,Facility3_1,Facility4_4,Facility5_1,Facility6_5,42.13
Facility1_7,Facility2_8,Facility3_4,Facility4_3,Facility5_5,Facility6_3,46.61
Facility1_1,Facility2_1,Facility3_3,Facility4_6,Facility5_5,Facility6_5,52.48
Facility1_2,Facility2_5,Facility3_1,Facility4_3,Facility5_7,Facility6_5,46.1
Facility1_3,Facility2_1,Facility3_1,Facility4_6,Facility5_4,Facility6_4,46.25
Facility1_4,Facility2_5,Facility3_1,Facility4_6,Facility5_4,Facility6_3,47.69
Facility1_3,Facility2_1,Facility3_5,Facility4_5,Facility5_1,Facility6_3,43.49
Facility1_4,Facility2_4,Facility3_4,Facility4_6,Facility5_5,Facility6_1,44.11
Facility1_6,Facility2_2,Facility3_3,Facility4_6,Facility5_6,Facility6_1,45.91
Facility1_2,Facility2_8,Facility3_1,Facility4_7,Facility5_8,Facility6_4,54.36
Facility1_4,Facility2_6,Facility3_2,Facility4_6,Facility5_1,Facility6_3,41.3
Facility1_2,Facility2_5,Facility3_6,Facility4_7,Facility5_2,Facility6_2,44.35
Facility1_1,Facility2_2,Facility3_1,Facility4_1,Facility5_3,Facility6_3,51.01
Facility1_1,Facility2_7,Facility3_3,Facility4_2,Facility5_7,Facility6_4,53.88
Facility1_3,Facility2_5,Facility3_2,Facility4_6,Facility5_1,Facility6_4,42.11
Facility1_4,Facility2_1,Facility3_6,Facility4_6,Facility5_8,Facility6_3,47.33
Facility1_1,Facility2_6,Facility3_6,Facility4_5,Facility5_7,Facility6_2,54.84
Facility1_7,Facility2_8,Facility3_1,Facility4_5,Facility5_8,Facility6_2,51.5
Facility1_7,Facility2_5,Facility3_4,Facility4_3,Facility5_4,Facility6_1,45.54
Facility1_7,Facility2_5,Facility3_4,Facility4_6,Facility5_7,Facility6_2,52.17
Facility1_1,Facility2_6,Facility3_4,Facility4_2,Facility5_4,Facility6_4,54.33
Facility1_6,Facility2_1,Facility3_2,Facility4_6,Facility5_3,Facility6_4,45.04
Facility1_1,Facility2_7,Facility3_6,Facility4_6,Facility5_7,Facility6_3,55.54
Facility1_5,Facility2_8,Facility3_2,Facility4_4,Facility5_3,Facility6_5,49.38
Facility1_3,Facility2_2,Facility3_5,Facility4_2,Facility5_2,Facility6_2,44.33
Facility1_4,Facility2_6,Facility3_3,Facility4_4,Facility5_2,Facility6_1,46.07
Facility1_2,Facility2_4,Facility3_4,Facility4_7,Facility5_1,Facility6_2,42.38
Facility1_3,Facility2_3,Facility3_3,Facility4_1,Facility5_4,Facility6_5,47.64
Facility1_6,Facility2_7,Facility3_1,Facility4_4,Facility5_5,Facility6_5,57.26
Facility1_4,Facility2_4,Facility3_3,Facility4_4,Facility5_3,Facility6_5,41.91
Facility1_6,Facility2_5,Facility3_6,Facility4_4,Facility5_5,Facility6_4,42.49
Facility1_6,Facility2_4,Facility3_6,Facility4_7,Facility5_3,Facility6_5,44.47
Facility1_6,Facility2_3,Facility3_1,Facility4_2,Facility5_6,Facility6_2,58.99
Facility1_7,Facility2_2,Facility3_4,Facility4_3,Facility5_1,Facility6_5,46.3
Facility1_1,Facility2_5,Facility3_4,Facility4_6,Facility5_5,Facility6_2,58.08
Facility1_6,Facility2_8,Facility3_3,Facility4_7,Facility5_8,Facility6_3,56.7
Facility1_5,Facility2_6,Facility3_4,Facility4_2,Facility5_3,Facility6_3,52.34
Facility1_4,Facility2_1,Facility3_6,Facility4_7,Facility5_4,Facility6_3,44.18
Facility1_1,Facility2_4,Facility3_5,Facility4_5,Facility5_8,Facility6_1,45.83
Facility1_3,Facility2_2,Facility3_5,Facility4_2,Facility5_6,Facility6_3,50.0
Facility1_5,Facility2_2,Facility3_4,Facility4_5,Facility5_8,Facility6_1,48.95
Facility1_3,Facility2_8,Facility3_4,Facility4_7,Facility5_6,Facility6_4,51.39
Facility1_7,Facility2_6,Facility3_1,Facility4_3,Facility5_2,Facility6_5,45.94
Facility1_2,Facility2_1,Facility3_2,Facility4_3,Facility5_6,Facility6_2,43.56
Facility1_4,Facility2_5,Facility3_1,Facility4_1,Facility5_6,Facility6_5,47.66
Facility1_1,Facility2_8,Facility3_4,Facility4_3,Facility5_2,Facility6_3,44.92
Facility1_6,Facility2_1,Facility3_1,Facility4_1,Facility5_2,Facility6_4,52.06
Facility1_6,Facility2_6,Facility3_2,Facility4_4,Facility5_8,Facility6_5,50.95
Facility1_2,Facility2_1,Facility3_6,Facility4_2,Facility5_1,Facility6_2,46.4
Facility1_7,Facility2_4,Facility3_1,Facility4_4,Facility5_3,Facility6_5,47.31
Facility1_5,Facility2_8,Facility3_4,Facility4_5,Facility5_4,Facility6_2,49.08
Facility1_7,Facility2_1,Facility3_6,Facility4_1,Facility5_6,Facility6_1,51.94
Facility1_6,Facility2_7,Facility3_1,Facility4_1,Facility5_8,Facility6_3,59.13
Facility1_6,Facility2_1,Facility3_2,Facility4_2,Facility5_7,Facility6_5,51.59
Facility1_6,Facility2_1,Facility3_6,Facility4_3,Facility5_3,Facility6_1,41.55
Facility1_3,Facility2_4,Facility3_2,Facility4_6,Facility5_7,Facility6_2,48.22
Facility1_5,Facility2_4,Facility3_5,Facility4_5,Facility5_4,Facility6_5,51.9
Facility1_6,Facility2_7,Facility3_2,Facility4_4,Facility5_1,Facility6_1,43.83
Facility1_7,Facility2_1,Facility3_2,Facility4_4,Facility5_2,Facility6_5,47.23
Facility1_5,Facility2_3,Facility3_1,Facility4_1,Facility5_7,Facility6_1,52.52
Facility1_1,Facility2_7,Facility3_3,Facility4_3,Facility5_8,Facility6_5,50.68
Facility1_5,Facility2_8,Facility3_5,Facility4_6,Facility5_4,Facility6_3,57.31
Facility1_4,Facility2_7,Facility3_2,Facility4_7,Facility5_1,Facility6_4,38.25
Facility1_4,Facility2_2,Facility3_1,Facility4_6,Facility5_5,Facility6_2,46.4
Facility1_6,Facility2_4,Facility3_6,Facility4_7,Facility5_6,Facility6_2,47.41
Facility1_7,Facility2_8,Facility3_6,Facility4_5,Facility5_4,Facility6_4,49.33
Facility1_3,Facility2_7,Facility3_2,Facility4_3,Facility5_8,Facility6_2,45.63
Facility1_3,Facility2_8,Facility3_2,Facility4_1,Facility5_3,Facility6_4,44.91
Facility1_5,Facility2_5,Facility3_2,Facility4_5,Facility5_1,Facility6_4,44.77
Facility1_4,Facility2_2,Facility3_1,Facility4_7,Facility5_3,Facility6_3,42.61
Facility1_4,Facility2_1,Facility3_2,Facility4_7,Facility5_7,Facility6_3,44.69
Facility1_7,Facility2_5,Facility3_5,Facility4_4,Facility5_7,Facility6_4,44.63
Facility1_1,Facility2_8,Facility3_2,Facility4_3,Facility5_5,Facility6_2,52.36
Facility1_5,Facility2_3,Facility3_3,Facility4_3,Facility5_1,Facility6_4,38.92
Facility1_5,Facility2_8,Facility3_4,Facility4_7,Facility5_7,Facility6_3,55.18
Facility1_4,Facility2_2,Facility3_2,Facility4_5,Facility5_5,Facility6_4,37.62
Facility1_1,Facility2_4,Facility3_2,Facility4_2,Facility5_7,Facility6_4,50.02
Facility1_6,Facility2_3,Facility3_6,Facility4_5,Facility5_7,Facility6_2,50.87
Facility1_6,Facility2_6,Facility3_6,Facility4_4,Facility5_4,Facility6_1,50.74
Facility1_4,Facility2_5,Facility3_6,Facility4_2,Facility5_4,Facility6_5,46.49
Facility1_3,Facility2_2,Facility3_2,Facility4_1,Facility5_5,Facility6_4,38.66
Facility1_5,Facility2_3,Facility3_6,Facility4_1,Facility5_5,Facility6_5,52.45
Facility1_2,Facility2_5,Facility3_4,Facility4_6,Facility5_7,Facility6_2,50.13
Facility1_6,Facility2_7,Facility3_1,Facility4_5,Facility5_8,Facility6_3,60.1
Facility1_3,Facility2_5,Facility3_6,Facility4_2,Facility5_6,Facility6_2,51.64
Facility1_3,Facility2_2,Facility3_6,Facility4_2,Facility5_7,Facility6_2,47.86
Facility1_1,Facility2_6,Facility3_2,Facility4_4,Facility5_5,Facility6_2,58.51
Facility1_5,Facility2_7,Facility3_4,Facility4_1,Facility5_4,Facility6_4,44.37
Facility1_4,Facility2_3,Facility3_4,Facility4_6,Facility5_4,Facility6_2,46.34
Facility1_1,Facility2_2,Facility3_6,Facility4_5,Facility5_3,Facility6_5,47.45
Facility1_6,Facility2_1,Facility3_5,Facility4_1,Facility5_7,Facility6_1,47.15
Facility1_6,Facility2_1,Facility3_1,Facility4_1,Facility5_2,Facility6_3,53.8
Facility1_4,Facility2_5,Facility3_4,Facility4_5,Facility5_5,Facility6_1,43.75
Facility1_5,Facility2_2,Facility3_1,Facility4_4,Facility5_4,Facility6_5,51.16
Facility1_4,Facility2_7,Facility3_6,Facility4_5,Facility5_2,Facility6_4,43.33
Facility1_4,Facility2_8,Facility3_2,Facility4_3,Facility5_2,Facility6_3,37.68
Facility1_1,Facility2_2,Facility3_6,Facility4_6,Facility5_5,Facility6_1,42.92
Facility1_3,Facility2_7,Facility3_3,Facility4_7,Facility5_8,Facility6_2,49.99
Facility1_5,Facility2_2,Facility3_2,Facility4_5,Facility5_3,Facility6_4,45.61
Facility1_2,Facility2_4,Facility3_6,Facility4_1,Facility5_5,Facility6_4,49.02
Facility1_7,Facility2_6,Facility3_4,Facility4_5,Facility5_4,Facility6_5,52.44
Facility1_5,Facility2_5,Facility3_5,Facility4_6,Facility5_3,Facility6_2,58.9
Facility1_2,Facility2_4,Facility3_1,Facility4_3,Facility5_3,Facility6_2,42.95
Facility1_2,Facility2_5,Facility3_5,Facility4_5,Facility5_5,Facility6_4,51.38
Facility1_7,Facility2_5,Facility3_2,Facility4_1,Facility5_8,Facility6_2,52.07
Facility1_7,Facility2_2,Facility3_2,Facility4_4,Facility5_3,Facility6_5,52.17
Facility1_2,Facility2_2,Facility3_5,Facility4_1,Facility5_3,Facility6_4,47.33
Facility1_1,Facility2_5,Facility3_4,Facility4_3,Facility5_8,Facility6_3,48.7
Facility1_1,Facility2_8,Facility3_3,Facility4_4,Facility5_6,Facility6_5,53.11
Facility1_1,Facility2_1,Facility3_4,Facility4_6,Facility5_7,Facility6_1,44.93
Facility1_1,Facility2_6,Facility3_1,Facility4_2,Facility5_2,Facility6_5,50.13
Facility1_7,Facility2_5,Facility3_6,Facility4_6,Facility5_2,Facility6_3,50.28
Facility1_6,Facility2_8,Facility3_2,Facility4_6,Facility5_5,Facility6_3,50.75
Facility1_7,Facility2_6,Facility3_5,Facility4_6,Facility5_8,Facility6_4,55.54
Facility1_6,Facility2_4,Facility3_1,Facility4_3,Facility5_4,Facility6_4,49.15
Facility1_6,Facility2_1,Facility3_2,Facility4_1,Facility5_5,Facility6_5,50.06
Facility1_3,Facility2_7,Facility3_2,Facility4_4,Facility5_7,Facility6_2,50.33
Facility1_4,Facility2_2,Facility3_5,Facility4_1,Facility5_4,Facility6_3,44.44
Facility1_3,Facility2_8,Facility3_6,Facility4_4,Facility5_2,Facility6_2,46.14
Facility1_3,Facility2_5,Facility3_6,Facility4_1,Facility5_6,Facility6_2,51.27
Facility1_5,Facility2_7,Facility3_2,Facility4_1,Facility5_6,Facility6_2,54.21
Facility1_3,Facility2_4,Facility3_5,Facility4_7,Facility5_8,Facility6_2,49.69
Facility1_7,Facility2_7,Facility3_6,Facility4_3,Facility5_4,Facility6_4,47.65
Facility1_2,Facility2_6,Facility3_6,Facility4_7,Facility5_2,Facility6_5,46.98
Facility1_1,Facility2_7,Facility3_6,Facility4_6,Facility5_7,Facility6_5,54.93
Facility1_2,Facility2_5,Facility3_5,Facility4_2,Facility5_7,Facility6_5,52.64
Facility1_4,Facility2_8,Facility3_5,Facility4_3,Facility5_5,Facility6_1,41.09
Facility1_6,Facility2_3,Facility3_5,Facility4_6,Facility5_1,Facility6_3,48.7
Facility1_3,Facility2_8,Facility3_2,Facility4_2,Facility5_4,Facility6_2,48.5
Facility1_3,Facility2_7,Facility3_5,Facility4_6,Facility5_6,Facility6_4,59.15
Facility1_2,Facility2_8,Facility3_4,Facility4_3,Facility5_4,Facility6_2,47.48
Facility1_6,Facility2_1,Facility3_3,Facility4_6,Facility5_4,Facility6_4,48.9
Facility1_7,Facility2_1,Facility3_2,Facility4_7,Facility5_5,Facility6_1,47.73
Facility1_6,Facility2_3,Facility3_4,Facility4_3,Facility5_8,Facility6_4,43.17
Facility1_6,Facility2_6,Facility3_6,Facility4_4,Facility5_5,Facility6_4,51.39
Facility1_7,Facility2_2,Facility3_5,Facility4_3,Facility5_6,Facility6_3,52.7
Facility1_5,Facility2_8,Facility3_1,Facility4_3,Facility5_5,Facility6_5,45.85
Facility1_2,Facility2_4,Facility3_2,Facility4_5,Facility5_4,Facility6_4,48.44
Facility1_1,Facility2_6,Facility3_2,Facility4_3,Facility5_6,Facility6_2,49.42
Facility1_1,Facility2_6,Facility3_4,Facility4_7,Facility5_1,Facility6_2,46.53
Facility1_4,Facility2_3,Facility3_4,Facility4_4,Facility5_4,Facility6_4,44.63
Facility1_7,Facility2_1,Facility3_1,Facility4_6,Facility5_5,Facility6_2,57.99
Facility1_2,Facility2_8,Facility3_2,Facility4_5,Facility5_6,Facility6_1,48.53
Facility1_1,Facility2_1,Facility3_1,Facility4_4,Facility5_6,Facility6_5,50.81
Facility1_2,Facility2_6,Facility3_4,Facility4_3,Facility5_1,Facility6_5,42.14
Facility1_2,Facility2_8,Facility3_4,Facility4_1,Facility5_3,Facility6_2,42.51
Facility1_1,Facility2_8,Facility3_6,Facility4_3,Facility5_1,Facility6_5,36.83
Facility1_2,Facility2_8,Facility3_5,Facility4_7,Facility5_1,Facility6_2,52.28
Facility1_6,Facility2_2,Facility3_4,Facility4_5,Facility5_8,Facility6_5,46.76
Facility1_3,Facility2_6,Facility3_5,Facility4_7,Facility5_5,Facility6_3,53.75
Facility1_2,Facility2_1,Facility3_6,Facility4_6,Facility5_4,Facility6_2,52.73
Facility1_3,Facility2_5,Facility3_5,Facility4_2,Facility5_7,Facility6_5,50.71
Facility1_3,Facility2_3,Facility3_1,Facility4_6,Facility5_3,Facility6_5,44.19
Facility1_5,Facility2_6,Facility3_5,Facility4_4,Facility5_2,Facility6_3,53.86
Facility1_1,Facility2_4,Facility3_1,Facility4_1,Facility5_7,Facility6_4,54.0
Facility1_5,Facility2_2,Facility3_3,Facility4_1,Facility5_6,Facility6_4,49.63
Facility1_7,Facility2_6,Facility3_4,Facility4_7,Facility5_7,Facility6_5,52.12
Facility1_1,Facility2_6,Facility3_3,Facility4_5,Facility5_2,Facility6_5,54.21
Facility1_4,Facility2_8,Facility3_1,Facility4_2,Facility5_1,Facility6_1,40.66
Facility1_1,Facility2_3,Facility3_5,Facility4_1,Facility5_4,Facility6_4,50.06
Facility1_7,Facility2_2,Facility3_2,Facility4_5,Facility5_5,Facility6_3,54.53
Facility1_6,Facility2_2,Facility3_4,Facility4_1,Facility5_1,Facility6_1,33.85
Facility1_1,Facility2_7,Facility3_1,Facility4_3,Facility5_1,Facility6_4,43.66
Facility1_6,Facility2_2,Facility3_6,Facility4_5,Facility5_4,Facility6_1,46.67
Facility1_6,Facility2_5,Facility3_4,Facility4_1,Facility5_3,Facility6_3,51.09
Facility1_1,Facility2_4,Facility3_1,Facility4_2,Facility5_7,Facility6_2,52.67
Facility1_5,Facility2_5,Facility3_6,Facility4_6,Facility5_5,Facility6_3,51.58
Facility1_6,Facility2_5,Facility3_5,Facility4_5,Facility5_2,Facility6_2,47.12
Facility1_2,Facility2_4,Facility3_6,Facility4_4,Facility5_3,Facility6_5,46.81
Facility1_1,Facility2_7,Facility3_6,Facility4_7,Facility5_2,Facility6_4,47.49
Facility1_3,Facility2_2,Facility3_2,Facility4_6,Facility5_2,Facility6_5,42.24
Facility1_7,Facility2_1,Facility3_6,Facility4_7,Facility5_5,Facility6_5,47.25
Facility1_5,Facility2_1,Facility3_1,Facility4_1,Facility5_6,Facility6_4,52.61
Facility1_7,Facility2_2,Facility3_4,Facility4_4,Facility5_7,Facility6_5,55.23
Facility1_3,Facility2_8,Facility3_2,Facility4_7,Facility5_5,Facility6_3,53.6
Facility1_2,Facility2_4,Facility3_6,Facility4_7,Facility5_7,Facility6_5,47.11
Facility1_6,Facility2_5,Facility3_1,Facility4_5,Facility5_2,Facility6_5,51.52
Facility1_4,Facility2_3,Facility3_2,Facility4_4,Facility5_5,Facility6_4,44.44
Facility1_2,Facility2_8,Facility3_3,Facility4_1,Facility5_3,Facility6_5,50.28
Facility1_1,Facility2_8,Facility3_1,Facility4_3,Facility5_7,Facility6_3,48.37
Facility1_2,Facility2_4,Facility3_5,Facility4_7,Facility5_5,Facility6_5,51.5
Facility1_5,Facility2_3,Facility3_6,Facility4_5,Facility5_6,Facility6_1,51.04
Facility1_6,Facility2_6,Facility3_5,Facility4_4,Facility5_4,Facility6_5,50.91
Facility1_6,Facility2_2,Facility3_5,Facility4_7,Facility5_1,Facility6_5,34.0
Facility1_2,Facility2_7,Facility3_5,Facility4_1,Facility5_3,Facility6_4,52.24
Facility1_7,Facility2_6,Facility3_6,Facility4_4,Facility5_7,Facility6_2,54.4
Facility1_5,Facility2_1,Facility3_6,Facility4_1,Facility5_2,Facility6_5,50.31
Facility1_6,Facility2_3,Facility3_6,Facility4_6,Facility5_3,Facility6_3,50.34
Facility1_6,Facility2_7,Facility3_2,Facility4_2,Facility5_8,Facility6_4,49.83
Facility1_4,Facility2_8,Facility3_6,Facility4_4,Facility5_6,Facility6_4,45.63
Facility1_1,Facility2_3,Facility3_1,Facility4_1,Facility5_7,Facility6_4,53.09
Facility1_2,Facility2_4,Facility3_2,Facility4_1,Facility5_4,Facility6_1,45.69
Facility1_4,Facility2_6,Facility3_1,Facility4_5,Facility5_1,Facility6_1,41.6
Facility1_4,Facility2_4,Facility3_1,Facility4_4,Facility5_8,Facility6_4,45.13
Facility1_6,Facility2_3,Facility3_4,Facility4_2,Facility5_7,Facility6_1,51.78
Facility1_2,Facility2_2,Facility3_6,Facility4_7,Facility5_2,Facility6_1,41.73
Facility1_5,Facility2_2,Facility3_3,Facility4_2,Facility5_5,Facility6_3,46.86
Facility1_2,Facility2_8,Facility3_4,Facility4_2,Facility5_6,Facility6_5,51.03
Facility1_2,Facility2_2,Facility3_5,Facility4_4,Facility5_2,Facility6_5,48.65
Facility1_6,Facility2_4,Facility3_6,Facility4_5,Facility5_5,Facility6_2,54.82
Facility1_7,Facility2_3,Facility3_4,Facility4_3,Facility5_1,Facility6_1,40.14
Facility1_1,Facility2_6,Facility3_4,Facility4_7,Facility5_3,Facility6_5,49.04
Facility1_1,Facility2_4,Facility3_5,Facility4_5,Facility5_1,Facility6_3,49.88
Facility1_3,Facility2_6,Facility3_1,Facility4_4,Facility5_8,Facility6_5,50.15
Facility1_3,Facility2_2,Facility3_1,Facility4_5,Facility5_1,Facility6_1,40.5
Facility1_5,Facility2_7,Facility3_5,Facility4_4,Facility5_2,Facility6_1,52.15
Facility1_3,Facility2_4,Facility3_2,Facility4_4,Facility5_6,Facility6_2,48.24
Facility1_6,Facility2_1,Facility3_5,Facility4_2,Facility5_3,Facility6_5,48.78
Facility1_1,Facility2_8,Facility3_6,Facility4_2,Facility5_2,Facility6_1,47.97
Facility1_4,Facility2_8,Facility3_4,Facility4_2,Facility5_5,Facility6_2,51.26
Facility1_3,Facility2_7,Facility3_3,Facility4_6,Facility5_4,Facility6_1,50.03
Facility1_2,Facility2_5,Facility3_5,Facility4_3,Facility5_8,Facility6_2,49.18
Facility1_5,Facility2_1,Facility3_4,Facility4_6,Facility5_7,Facility6_2,52.35
Facility1_6,Facility2_4,Facility3_6,Facility4_3,Facility5_1,Facility6_3,39.62
Facility1_1,Facility2_6,Facility3_4,Facility4_5,Facility5_3,Facility6_1,43.94
Facility1_1,Facility2_3,Facility3_2,Facility4_2,Facility5_7,Facility6_2,51.5
Facility1_1,Facility2_1,Facility3_5,Facility4_2,Facility5_2,Facility6_1,47.11
Facility1_2,Facility2_3,Facility3_3,Facility4_3,Facility5_7,Facility6_2,47.52
Facility1_2,Facility2_2,Facility3_2,Facility4_5,Facility5_1,Facility6_2,41.09
Facility1_4,Facility2_5,Facility3_6,Facility4_3,Facility5_3,Facility6_3,40.45
Facility1_6,Facility2_6,Facility3_5,Facility4_3,Facility5_1,Facility6_1,39.6
Facility1_3,Facility2_2,Facility3_4,Facility4_7,Facility5_7,Facility6_5,42.69
Facility1_1,Facility2_3,Facility3_3,Facility4_7,Facility5_5,Facility6_5,50.27
Facility1_7,Facility2_5,Facility3_1,Facility4_5,Facility5_6,Facility6_4,53.83
Facility1_3,Facility2_3,Facility3_6,Facility4_6,Facility5_7,Facility6_1,47.89
Facility1_1,Facility2_1,Facility3_5,Facility4_1,Facility5_1,Facility6_3,48.39
Facility1_3,Facility2_1,Facility3_4,Facility4_6,Facility5_8,Facility6_4,45.42
Facility1_3,Facility2_3,Facility3_5,Facility4_4,Facility5_5,Facility6_4,47.59
Facility1_3,Facility2_2,Facility3_6,Facility4_6,Facility5_6,Facility6_3,48.68
Facility1_4,Facility2_5,Facility3_1,Facility4_6,Facility5_1,Facility6_3,42.57
Facility1_7,Facility2_2,Facility3_2,Facility4_4,Facility5_8,Facility6_1,53.67
Facility1_2,Facility2_6,Facility3_1,Facility4_4,Facility5_6,Facility6_2,53.45
Facility1_5,Facility2_8,Facility3_5,Facility4_3,Facility5_3,Facility6_2,44.38
Facility1_3,Facility2_7,Facility3_1,Facility4_2,Facility5_3,Facility6_4,46.7
Facility1_4,Facility2_8,Facility3_1,Facility4_7,Facility5_8,Facility6_2,50.43
Facility1_6,Facility2_5,Facility3_4,Facility4_3,Facility5_8,Facility6_5,45.35
Facility1_3,Facility2_4,Facility3_3,Facility4_4,Facility5_5,Facility6_2,53.78
Facility1_6,Facility2_6,Facility3_3,Facility4_5,Facility5_7,Facility6_1,51.6
Facility1_3,Facility2_3,Facility3_1,Facility4_6,Facility5_5,Facility6_5,47.27
Facility1_4,Facility2_5,Facility3_1,Facility4_6,Facility5_2,Facility6_3,45.41
Facility1_1,Facility2_3,Facility3_5,Facility4_2,Facility5_6,Facility6_5,52.87
Facility1_2,Facility2_5,Facility3_1,Facility4_5,Facility5_6,Facility6_2,53.08
Facility1_6,Facility2_1,Facility3_2,Facility4_5,Facility5_6,Facility6_4,47.95
Facility1_3,Facility2_4,Facility3_1,Facility4_4,Facility5_7,Facility6_3,48.81
Facility1_7,Facility2_7,Facility3_1,Facility4_6,Facility5_1,Facility6_2,48.58
Facility1_4,Facility2_4,Facility3_4,Facility4_5,Facility5_8,Facility6_1,43.14
Facility1_7,Facility2_8,Facility3_6,Facility4_6,Facility5_3,Facility6_3,50.57
Facility1_6,Facility2_4,Facility3_3,Facility4_4,Facility5_5,Facility6_5,49.83
Facility1_6,Facility2_8,Facility3_6,Facility4_2,Facility5_3,Facility6_3,52.47
Facility1_5,Facility2_3,Facility3_2,Facility4_4,Facility5_2,Facility6_1,48.62
Facility1_4,Facility2_4,Facility3_4,Facility4_3,Facility5_3,Facility6_3,39.66
Facility1_4,Facility2_7,Facility3_6,Facility4_3,Facility5_5,Facility6_1,40.52
Facility1_5,Facility2_3,Facility3_3,Facility4_4,Facility5_4,Facility6_3,54.04
Facility1_1,Facility2_2,Facility3_6,Facility4_3,Facility5_2,Facility6_2,42.83
Facility1_3,Facility2_6,Facility3_6,Facility4_6,Facility5_2,Facility6_1,47.47
Facility1_7,Facility2_4,Facility3_3,Facility4_5,Facility5_8,Facility6_5,55.87
Facility1_5,Facility2_6,Facility3_2,Facility4_4,Facility5_7,Facility6_1,53.82
Facility1_6,Facility2_3,Facility3_2,Facility4_3,Facility5_7,Facility6_3,44.29
Facility1_4,Facility2_7,Facility3_4,Facility4_2,Facility5_2,Facility6_5,41.19
Facility1_5,Facility2_4,Facility3_1,Facility4_2,Facility5_3,Facility6_2,49.13
Facility1_1,Facility2_1,Facility3_3,Facility4_7,Facility5_5,Facility6_2,56.41
Facility1_1,Facility2_8,Facility3_2,Facility4_1,Facility5_5,Facility6_1,52.17
Facility1_3,Facility2_5,Facility3_6,Facility4_1,Facility5_4,Facility6_1,46.59
Facility1_5,Facility2_4,Facility3_2,Facility4_4,Facility5_8,Facility6_2,52.64
Facility1_7,Facility2_8,Facility3_4,Facility4_1,Facility5_1,Facility6_5,39.04
Facility1_3,Facility2_7,Facility3_2,Facility4_4,Facility5_3,Facility6_5,46.97
Facility1_1,Facility2_3,Facility3_2,Facility4_2,Facility5_7,Facility6_5,51.5
Facility1_1,Facility2_1,Facility3_3,Facility4_2,Facility5_7,Facility6_3,54.15
Facility1_6,Facility2_6,Facility3_5,Facility4_2,Facility5_3,Facility6_1,49.51
Facility1_2,Facility2_6,Facility3_4,Facility4_3,Facility5_8,Facility6_5,46.2
Facility1_2,Facility2_6,Facility3_5,Facility4_2,Facility5_2,Facility6_4,52.88
Facility1_1,Facility2_6,Facility3_2,Facility4_6,Facility5_7,Facility6_5,52.73
Facility1_6,Facility2_6,Facility3_3,Facility4_2,Facility5_5,Facility6_4,55.45
Facility1_1,Facility2_8,Facility3_6,Facility4_7,Facility5_8,Facility6_4,55.09
Facility1_3,Facility2_6,Facility3_6,Facility4_5,Facility5_8,Facility6_1,50.58
Facility1_5,Facility2_8,Facility3_2,Facility4_5,Facility5_5,Facility6_4,50.18
Facility1_2,Facility2_7,Facility3_5,Facility4_3,Facility5_4,Facility6_1,50.07
Facility1_1,Facility2_6,Facility3_6,Facility4_2,Facility5_1,Facility6_3,50.27
Facility1_7,Facility2_7,Facility3_1,Facility4_3,Facility5_4,Facility6_3,49.09
Facility1_4,Facility2_8,Facility3_1,Facility4_7,Facility5_7,Facility6_4,49.84
Facility1_3,Facility2_5,Facility3_2,Facility4_1,Facility5_4,Facility6_4,45.62
Facility1_1,Facility2_8,Facility3_1,Facility4_1,Facility5_1,Facility6_2,48.93
Facility1_4,Facility2_8,Facility3_2,Facility4_1,Facility5_4,Facility6_3,43.96
Facility1_1,Facility2_4,Facility3_6,Facility4_6,Facility5_4,Facility6_4,51.43
Facility1_4,Facility2_2,Facility3_5,Facility4_1,Facility5_3,Facility6_2,43.39
Facility1_1,Facility2_8,Facility3_2,Facility4_7,Facility5_1,Facility6_3,50.51
Facility1_5,Facility2_4,Facility3_3,Facility4_3,Facility5_1,Facility6_2,39.2
Facility1_5,Facility2_7,Facility3_2,Facility4_7,Facility5_7,Facility6_4,51.66
Facility1_2,Facility2_8,Facility3_5,Facility4_3,Facility5_3,Facility6_4,45.55
Facility1_3,Facility2_3,Facility3_6,Facility4_2,Facility5_3,Facility6_3,48.02
Facility1_3,Facility2_5,Facility3_2,Facility4_2,Facility5_8,Facility6_2,49.58
Facility1_3,Facility2_3,Facility3_1,Facility4_2,Facility5_3,Facility6_4,45.37
Facility1_2,Facility2_3,Facility3_2,Facility4_6,Facility5_8,Facility6_3,49.76
Facility1_6,Facility2_4,Facility3_4,Facility4_4,Facility5_4,Facility6_4,47.13
Facility1_5,Facility2_3,Facility3_6,Facility4_6,Facility5_8,Facility6_3,53.37
Facility1_1,Facility2_7,Facility3_2,Facility4_6,Facility5_4,Facility6_5,52.83
Facility1_4,Facility2_4,Facility3_5,Facility4_4,Facility5_1,Facility6_4,39.25
Facility1_5,Facility2_5,Facility3_2,Facility4_4,Facility5_4,Facility6_5,44.23
Facility1_5,Facility2_5,Facility3_5,Facility4_7,Facility5_8,Facility6_5,52.38
Facility1_5,Facility2_8,Facility3_4,Facility4_6,Facility5_3,Facility6_5,47.15
Facility1_7,Facility2_8,Facility3_1,Facility4_1,Facility5_6,Facility6_4,51.7
Facility1_3,Facility2_1,Facility3_3,Facility4_4,Facility5_5,Facility6_3,48.11
Facility1_1,Facility2_8,Facility3_6,Facility4_5,Facility5_2,Facility6_3,53.54
Facility1_3,Facility2_3,Facility3_3,Facility4_3,Facility5_5,Facility6_4,43.18
Facility1_6,Facility2_3,Facility3_3,Facility4_4,Facility5_6,Facility6_5,49.87
Facility1_4,Facility2_5,Facility3_6,Facility4_6,Facility5_3,Facility6_5,46.98
Facility1_6,Facility2_7,Facility3_4,Facility4_6,Facility5_6,Facility6_2,51.57
Facility1_4,Facility2_5,Facility3_3,Facility4_6,Facility5_4,Facility6_2,46.69
Facility1_4,Facility2_7,Facility3_5,Facility4_6,Facility5_7,Facility6_3,52.74
Facility1_4,Facility2_3,Facility3_3,Facility4_4,Facility5_1,Facility6_5,32.86
Facility1_5,Facility2_2,Facility3_5,Facility4_7,Facility5_5,Facility6_2,50.87
Facility1_1,Facility2_7,Facility3_3,Facility4_6,Facility5_8,Facility6_2,55.11
Facility1_4,Facility2_6,Facility3_5,Facility4_5,Facility5_8,Facility6_3,52.18
Facility1_2,Facility2_7,Facility3_5,Facility4_5,Facility5_1,Facility6_5,43.07
Facility1_2,Facility2_4,Facility3_3,Facility4_1,Facility5_7,Facility6_1,49.24
Facility1_1,Facility2_2,Facility3_2,Facility4_4,Facility5_6,Facility6_3,49.22
Facility1_1,Facility2_5,Facility3_1,Facility4_7,Facility5_3,Facility6_5,52.49
Facility1_7,Facility2_1,Facility3_2,Facility4_7,Facility5_7,Facility6_3,50.76
Facility1_4,Facility2_5,Facility3_6,Facility4_5,Facility5_8,Facility6_1,45.36
Facility1_4,Facility2_7,Facility3_1,Facility4_2,Facility5_5,Facility6_3,46.82
Facility1_3,Facility2_6,Facility3_2,Facility4_6,Facility5_6,Facility6_2,50.98
Facility1_4,Facility2_7,Facility3_5,Facility4_2,Facility5_6,Facility6_1,46.3
Facility1_6,Facility2_2,Facility3_5,Facility4_3,Facility5_5,Facility6_4,35.79
Facility1_2,Facility2_4,Facility3_5,Facility4_3,Facility5_1,Facility6_2,42.71
Facility1_4,Facility2_7,Facility3_5,Facility4_7,Facility5_5,Facility6_5,46.91
Facility1_1,Facility2_6,Facility3_5,Facility4_1,Facility5_2,Facility6_2,54.15
Facility1_4,Facility2_5,Facility3_3,Facility4_7,Facility5_2,Facility6_5,44.87
Facility1_4,Facility2_4,Facility3_1,Facility4_6,Facility5_4,Facility6_2,45.45
Facility1_4,Facility2_7,Facility3_1,Facility4_7,Facility5_4,Facility6_3,48.34
Facility1_5,Facility2_3,Facility3_3,Facility4_2,Facility5_2,Facility6_5,52.78
Facility1_2,Facility2_7,Facility3_4,Facility4_3,Facility5_1,Facility6_2,42.42
Facility1_5,Facility2_2,Facility3_2,Facility4_4,Facility5_2,Facility6_2,49.27
Facility1_3,Facility2_5,Facility3_5,Facility4_2,Facility5_7,Facility6_2,50.71
Facility1_2,Facility2_4,Facility3_3,Facility4_1,Facility5_8,Facility6_4,50.35
Facility1_2,Facility2_7,Facility3_3,Facility4_2,Facility5_2,Facility6_4,49.71
Facility1_3,Facility2_8,Facility3_5,Facility4_6,Facility5_2,Facility6_4,52.92
Facility1_5,Facility2_6,Facility3_2,Facility4_6,Facility5_7,Facility6_4,52.89
Facility1_7,Facility2_4,Facility3_2,Facility4_2,Facility5_1,Facility6_1,43.2
Facility1_6,Facility2_3,Facility3_4,Facility4_2,Facility5_2,Facility6_5,47.48
Facility1_3,Facility2_4,Facility3_4,Facility4_3,Facility5_6,Facility6_2,44.77
Facility1_6,Facility2_1,Facility3_3,Facility4_6,Facility5_6,Facility6_5,49.37
Facility1_6,Facility2_3,Facility3_4,Facility4_6,Facility5_4,Facility6_4,48.53
Facility1_6,Facility2_6,Facility3_5,Facility4_6,Facility5_2,Facility6_2,49.3
Facility1_7,Facility2_3,Facility3_1,Facility4_5,Facility5_6,Facility6_4,51.17
Facility1_1,Facility2_7,Facility3_6,Facility4_4,Facility5_2,Facility6_1,44.69
Facility1_3,Facility2_3,Facility3_5,Facility4_2,Facility5_6,Facility6_3,50.5
Facility1_4,Facility2_7,Facility3_3,Facility4_7,Facility5_3,Facility6_2,43.61
Facility1_6,Facility2_1,Facility3_4,Facility4_3,Facility5_3,Facility6_1,40.48
Facility1_7,Facility2_8,Facility3_6,Facility4_4,Facility5_4,Facility6_4,49.6
Facility1_6,Facility2_3,Facility3_5,Facility4_3,Facility5_2,Facility6_3,41.99
Facility1_3,Facility2_4,Facility3_1,Facility4_6,Facility5_5,Facility6_2,54.99
Facility1_6,Facility2_2,Facility3_6,Facility4_3,Facility5_1,Facility6_4,35.56
Facility1_6,Facility2_1,Facility3_1,Facility4_3,Facility5_8,Facility6_5,47.49
Facility1_5,Facility2_5,Facility3_1,Facility4_7,Facility5_4,Facility6_4,52.31
Facility1_6,Facility2_4,Facility3_3,Facility4_3,Facility5_3,Facility6_2,41.9
Facility1_7,Facility2_7,Facility3_4,Facility4_4,Facility5_3,Facility6_5,49.1
Facility1_4,Facility2_5,Facility3_6,Facility4_2,Facility5_2,Facility6_1,41.8
Facility1_1,Facility2_4,Facility3_1,Facility4_1,Facility5_3,Facility6_3,53.15
Facility1_6,Facility2_6,Facility3_2,Facility4_4,Facility5_7,Facility6_2,51.22
Facility1_5,Facility2_1,Facility3_3,Facility4_3,Facility5_2,Facility6_1,45.06
Facility1_3,Facility2_5,Facility3_6,Facility4_7,Facility5_1,Facility6_5,36.51
Facility1_4,Facility2_8,Facility3_4,Facility4_2,Facility5_8,Facility6_3,46.52
Facility1_5,Facility2_6,Facility3_6,Facility4_7,Facility5_8,Facility6_5,51.46
Facility1_6,Facility2_4,Facility3_6,Facility4_2,Facility5_6,Facility6_2,50.18
Facility1_2,Facility2_2,Facility3_1,Facility4_3,Facility5_2,Facility6_2,42.08
Facility1_4,Facility2_8,Facility3_2,Facility4_3,Facility5_8,Facility6_4,37.69
Facility1_3,Facility2_5,Facility3_5,Facility4_5,Facility5_4,Facility6_4,49.4
Facility1_7,Facility2_6,Facility3_1,Facility4_2,Facility5_1,Facility6_3,50.47
Facility1_2,Facility2_2,Facility3_6,Facility4_1,Facility5_2,Facility6_3,48.0
Facility1_5,Facility2_4,Facility3_6,Facility4_2,Facility5_7,Facility6_5,52.29
Facility1_6,Facility2_4,Facility3_4,Facility4_1,Facility5_6,Facility6_3,43.87
Facility1_6,Facility2_4,Facility3_6,Facility4_3,Facility5_8,Facility6_5,45.08
Facility1_3,Facility2_5,Facility3_3,Facility4_3,Facility5_8,Facility6_3,46.3
Facility1_4,Facility2_7,Facility3_3,Facility4_6,Facility5_7,Facility6_2,48.7
Facility1_6,Facility2_4,Facility3_2,Facility4_7,Facility5_2,Facility6_5,44.08
Facility1_3,Facility2_8,Facility3_1,Facility4_1,Facility5_1,Facility6_3,46.2
Facility1_2,Facility2_1,Facility3_6,Facility4_3,Facility5_3,Facility6_1,40.13
Facility1_2,Facility2_8,Facility3_5,Facility4_1,Facility5_8,Facility6_1,54.16
Facility1_7,Facility2_4,Facility3_4,Facility4_1,Facility5_4,Facility6_3,44.35
Facility1_1,Facility2_4,Facility3_4,Facility4_3,Facility5_5,Facility6_3,47.74
Facility1_6,Facility2_4,Facility3_4,Facility4_6,Facility5_8,Facility6_2,49.77
Facility1_7,Facility2_7,Facility3_2,Facility4_2,Facility5_6,Facility6_4,50.41
Facility1_2,Facility2_6,Facility3_4,Facility4_4,Facility5_2,Facility6_4,48.17
Facility1_1,Facility2_7,Facility3_6,Facility4_4,Facility5_2,Facility6_4,51.05
Facility1_7,Facility2_6,Facility3_2,Facility4_1,Facility5_1,Facility6_3,47.55
Facility1_4,Facility2_4,Facility3_4,Facility4_6,Facility5_6,Facility6_1,43.21
Facility1_3,Facility2_6,Facility3_2,Facility4_5,Facility5_4,Facility6_2,50.21
Facility1_5,Facility2_8,Facility3_6,Facility4_2,Facility5_7,Facility6_2,53.04
Facility1_3,Facility2_7,Facility3_3,Facility4_7,Facility5_2,Facility6_2,49.43
Facility1_6,Facility2_4,Facility3_6,Facility4_4,Facility5_5,Facility6_5,48.81
Facility1_4,Facility2_3,Facility3_3,Facility4_2,Facility5_7,Facility6_4,47.63
Facility1_4,Facility2_1,Facility3_5,Facility4_6,Facility5_3,Facility6_2,49.86
Facility1_3,Facility2_7,Facility3_3,Facility4_1,Facility5_6,Facility6_1,52.26
Facility1_5,Facility2_8,Facility3_4,Facility4_6,Facility5_7,Facility6_1,49.74
Facility1_2,Facility2_3,Facility3_3,Facility4_5,Facility5_2,Facility6_2,51.71
Facility1_7,Facility2_6,Facility3_1,Facility4_2,Facility5_7,Facility6_4,56.3
Facility1_1,Facility2_8,Facility3_4,Facility4_3,Facility5_5,Facility6_3,47.96
Facility1_5,Facility2_1,Facility3_6,Facility4_6,Facility5_2,Facility6_1,48.09
Facility1_3,Facility2_5,Facility3_4,Facility4_6,Facility5_2,Facility6_1,43.94
Facility1_3,Facility2_4,Facility3_4,Facility4_1,Facility5_2,Facility6_3,39.12
Facility1_1,Facility2_7,Facility3_1,Facility4_1,Facility5_2,Facility6_1,47.35
Facility1_7,Facility2_3,Facility3_1,Facility4_1,Facility5_6,Facility6_4,51.93
Facility1_5,Facility2_1,Facility3_1,Facility4_2,Facility5_7,Facility6_2,55.15
Facility1_1,Facility2_3,Facility3_3,Facility4_5,Facility5_1,Facility6_2,43.6
Facility1_4,Facility2_4,Facility3_4,Facility4_4,Facility5_6,Facility6_3,44.22
Facility1_1,Facility2_4,Facility3_2,Facility4_2,Facility5_4,Facility6_2,49.31
Facility1_2,Facility2_3,Facility3_6,Facility4_5,Facility5_3,Facility6_5,48.67
Facility1_1,Facility2_3,Facility3_4,Facility4_2,Facility5_1,Facility6_5,45.72
Facility1_1,Facility2_1,Facility3_5,Facility4_7,Facility5_1,Facility6_5,39.01
Facility1_1,Facility2_8,Facility3_4,Facility4_4,Facility5_8,Facility6_3,51.0
Facility1_1,Facility2_4,Facility3_2,Facility4_1,Facility5_5,Facility6_4,51.32
Facility1_3,Facility2_3,Facility3_1,Facility4_5,Facility5_7,Facility6_4,48.31
Facility1_3,Facility2_7,Facility3_6,Facility4_2,Facility5_4,Facility6_1,49.05
Facility1_1,Facility2_8,Facility3_6,Facility4_3,Facility5_3,Facility6_5,45.55
Facility1_6,Facility2_8,Facility3_1,Facility4_7,Facility5_2,Facility6_3,58.31
Facility1_2,Facility2_6,Facility3_4,Facility4_1,Facility5_1,Facility6_4,46.4
Facility1_5,Facility2_5,Facility3_3,Facility4_4,Facility5_5,Facility6_4,46.05
Facility1_4,Facility2_6,Facility3_2,Facility4_4,Facility5_3,Facility6_5,43.76
Facility1_4,Facility2_1,Facility3_5,Facility4_4,Facility5_4,Facility6_4,44.01
Facility1_6,Facility2_4,Facility3_4,Facility4_6,Facility5_4,Facility6_4,47.79
Facility1_6,Facility2_6,Facility3_6,Facility4_4,Facility5_4,Facility6_4,51.87
Facility1_6,Facility2_8,Facility3_1,Facility4_4,Facility5_2,Facility6_5,50.97
Facility1_4,Facility2_6,Facility3_6,Facility4_7,Facility5_4,Facility6_3,45.98
Facility1_3,Facility2_1,Facility3_4,Facility4_4,Facility5_3,Facility6_4,41.84
Facility1_7,Facility2_7,Facility3_1,Facility4_1,Facility5_1,Facility6_2,49.21
Facility1_7,Facility2_8,Facility3_6,Facility4_6,Facility5_3,Facility6_2,48.79
Facility1_3,Facility2_3,Facility3_3,Facility4_1,Facility5_6,Facility6_5,50.88
Facility1_1,Facility2_1,Facility3_2,Facility4_2,Facility5_5,Facility6_3,51.61
Facility1_7,Facility2_4,Facility3_6,Facility4_5,Facility5_5,Facility6_2,56.44
Facility1_2,Facility2_2,Facility3_5,Facility4_5,Facility5_5,Facility6_1,45.3
Facility1_5,Facility2_3,Facility3_6,Facility4_1,Facility5_7,Facility6_1,52.71
Facility1_4,Facility2_5,Facility3_2,Facility4_5,Facility5_7,Facility6_5,45.82
Facility1_3,Facility2_7,Facility3_1,Facility4_5,Facility5_2,Facility6_4,47.24
Facility1_5,Facility2_3,Facility3_2,Facility4_7,Facility5_3,Facility6_3,48.35
Facility1_3,Facility2_1,Facility3_2,Facility4_7,Facility5_4,Facility6_3,46.51
Facility1_6,Facility2_2,Facility3_6,Facility4_4,Facility5_2,Facility6_3,45.5
Facility1_5,Facility2_2,Facility3_6,Facility4_5,Facility5_5,Facility6_4,47.62
Facility1_5,Facility2_5,Facility3_1,Facility4_7,Facility5_1,Facility6_3,47.86
Facility1_2,Facility2_1,Facility3_2,Facility4_6,Facility5_2,Facility6_4,44.14
Facility1_1,Facility2_4,Facility3_4,Facility4_7,Facility5_5,Facility6_5,50.01
Facility1_3,Facility2_6,Facility3_2,Facility4_6,Facility5_5,Facility6_3,50.51
Facility1_3,Facility2_8,Facility3_4,Facility4_4,Facility5_2,Facility6_3,44.28
Facility1_2,Facility2_2,Facility3_1,Facility4_3,Facility5_4,Facility6_3,45.26
Facility1_5,Facility2_5,Facility3_4,Facility4_1,Facility5_8,Facility6_3,51.16
Facility1_2,Facility2_8,Facility3_4,Facility4_1,Facility5_5,Facility6_5,44.64
Facility1_3,Facility2_7,Facility3_6,Facility4_5,Facility5_1,Facility6_5,40.47
Facility1_2,Facility2_8,Facility3_4,Facility4_6,Facility5_3,Facility6_3,49.84
Facility1_5,Facility2_6,Facility3_3,Facility4_3,Facility5_2,Facility6_3,49.43
Facility1_7,Facility2_1,Facility3_2,Facility4_6,Facility5_1,Facility6_1,44.04
Facility1_5,Facility2_3,Facility3_1,Facility4_6,Facility5_5,Facility6_1,51.63
Facility1_5,Facility2_3,Facility3_3,Facility4_5,Facility5_5,Facility6_5,52.99
Facility1_3,Facility2_6,Facility3_5,Facility4_1,Facility5_1,Facility6_4,49.61
Facility1_3,Facility2_1,Facility3_5,Facility4_7,Facility5_1,Facility6_2,42.94
Facility1_3,Facility2_3,Facility3_6,Facility4_4,Facility5_4,Facility6_2,47.31
Facility1_4,Facility2_4,Facility3_1,Facility4_2,Facility5_6,Facility6_3,46.29
Facility1_1,Facility2_7,Facility3_1,Facility4_6,Facility5_2,Facility6_5,50.56
Facility1_4,Facility2_1,Facility3_4,Facility4_5,Facility5_4,Facility6_2,45.57
Facility1_3,Facility2_3,Facility3_3,Facility4_1,Facility5_3,Facility6_1,45.01
Facility1_2,Facility2_3,Facility3_2,Facility4_6,Facility5_3,Facility6_4,45.47
Facility1_6,Facility2_4,Facility3_5,Facility4_1,Facility5_7,Facility6_5,48.77
Facility1_6,Facility2_2,Facility3_6,Facility4_2,Facility5_4,Facility6_2,50.58
Facility1_3,Facility2_1,Facility3_1,Facility4_4,Facility5_5,Facility6_5,45.82
Facility1_7,Facility2_8,Facility3_1,Facility4_1,Facility5_2,Facility6_2,49.22
Facility1_4,Facility2_4,Facility3_1,Facility4_5,Facility5_7,Facility6_2,46.07
Facility1_3,Facility2_7,Facility3_4,Facility4_6,Facility5_8,Facility6_1,48.38
Facility1_7,Facility2_6,Facility3_1,Facility4_5,Facility5_7,Facility6_1,53.61
Facility1_6,Facility2_7,Facility3_1,Facility4_2,Facility5_5,Facility6_3,58.41
Facility1_3,Facility2_8,Facility3_3,Facility4_6,Facility5_5,Facility6_5,50.18
Facility1_7,Facility2_1,Facility3_5,Facility4_6,Facility5_1,Facility6_4,50.47
Facility1_4,Facility2_8,Facility3_1,Facility4_1,Facility5_2,Facility6_3,44.49
Facility1_1,Facility2_3,Facility3_5,Facility4_5,Facility5_4,Facility6_4,49.38
Facility1_2,Facility2_1,Facility3_2,Facility4_5,Facility5_4,Facility6_2,49.88
Facility1_5,Facility2_3,Facility3_3,Facility4_1,Facility5_2,Facility6_3,52.78
Facility1_4,Facility2_5,Facility3_3,Facility4_3,Facility5_2,Facility6_1,39.63
Facility1_6,Facility2_5,Facility3_2,Facility4_7,Facility5_3,Facility6_1,46.46
Facility1_3,Facility2_5,Facility3_6,Facility4_7,Facility5_7,Facility6_4,45.94
Facility1_2,Facility2_5,Facility3_4,Facility4_5,Facility5_1,Facility6_2,43.48
Facility1_2,Facility2_3,Facility3_4,Facility4_4,Facility5_2,Facility6_4,47.69
Facility1_3,Facility2_7,Facility3_4,Facility4_5,Facility5_1,Facility6_2,43.89
Facility1_3,Facility2_8,Facility3_3,Facility4_6,Facility5_4,Facility6_1,48.93
Facility1_7,Facility2_8,Facility3_6,Facility4_6,Facility5_2,Facility6_3,49.02
Facility1_3,Facility2_6,Facility3_4,Facility4_6,Facility5_7,Facility6_4,49.48
Facility1_2,Facility2_6,Facility3_2,Facility4_4,Facility5_8,Facility6_1,49.36
Facility1_2,Facility2_2,Facility3_6,Facility4_3,Facility5_8,Facility6_4,40.07
Facility1_6,Facility2_7,Facility3_6,Facility4_1,Facility5_6,Facility6_4,54.12
Facility1_7,Facility2_2,Facility3_2,Facility4_1,Facility5_1,Facility6_3,50.59
Facility1_6,Facility2_5,Facility3_2,Facility4_2,Facility5_7,Facility6_4,50.97
Facility1_6,Facility2_6,Facility3_2,Facility4_6,Facility5_3,Facility6_5,47.6
Facility1_1,Facility2_2,Facility3_4,Facility4_6,Facility5_5,Facility6_3,44.99
Facility1_1,Facility2_8,Facility3_3,Facility4_4,Facility5_3,Facility6_1,48.13
Facility1_3,Facility2_4,Facility3_5,Facility4_4,Facility5_1,Facility6_4,45.13
Facility1_6,Facility2_2,Facility3_4,Facility4_7,Facility5_8,Facility6_3,47.04
Facility1_7,Facility2_4,Facility3_6,Facility4_2,Facility5_3,Facility6_1,47.88
Facility1_7,Facility2_3,Facility3_4,Facility4_4,Facility5_3,Facility6_5,47.27
Facility1_4,Facility2_7,Facility3_2,Facility4_7,Facility5_2,Facility6_2,42.33
Facility1_6,Facility2_5,Facility3_3,Facility4_1,Facility5_5,Facility6_4,49.97
Facility1_1,Facility2_4,Facility3_2,Facility4_1,Facility5_7,Facility6_4,51.94
Facility1_1,Facility2_8,Facility3_4,Facility4_1,Facility5_2,Facility6_2,50.41
Facility1_4,Facility2_3,Facility3_5,Facility4_4,Facility5_6,Facility6_3,46.05
Facility1_3,Facility2_7,Facility3_2,Facility4_6,Facility5_6,Facility6_5,51.65
Facility1_3,Facility2_7,Facility3_3,Facility4_3,Facility5_6,Facility6_3,48.57
Facility1_4,Facility2_8,Facility3_3,Facility4_1,Facility5_1,Facility6_3,39.4
Facility1_5,Facility2_6,Facility3_2,Facility4_6,Facility5_4,Facility6_1,50.54
Facility1_2,Facility2_2,Facility3_2,Facility4_5,Facility5_3,Facility6_3,45.56
Facility1_1,Facility2_1,Facility3_4,Facility4_3,Facility5_2,Facility6_4,43.17
Facility1_3,Facility2_4,Facility3_6,Facility4_4,Facility5_4,Facility6_5,47.85
Facility1_3,Facility2_7,Facility3_3,Facility4_3,Facility5_5,Facility6_4,46.14
Facility1_2,Facility2_6,Facility3_6,Facility4_7,Facility5_4,Facility6_1,47.05
Facility1_7,Facility2_7,Facility3_1,Facility4_6,Facility5_3,Facility6_5,49.61
Facility1_5,Facility2_3,Facility3_3,Facility4_7,Facility5_3,Facility6_1,46.86
Facility1_2,Facility2_6,Facility3_4,Facility4_6,Facility5_1,Facility6_2,45.84
Facility1_7,Facility2_5,Facility3_2,Facility4_3,Facility5_6,Facility6_2,46.72
Facility1_2,Facility2_8,Facility3_4,Facility4_6,Facility5_2,Facility6_5,48.3
Facility1_5,Facility2_8,Facility3_2,Facility4_2,Facility5_5,Facility6_1,50.03
Facility1_6,Facility2_1,Facility3_6,Facility4_3,Facility5_5,Facility6_2,50.27
Facility1_6,Facility2_5,Facility3_4,Facility4_7,Facility5_8,Facility6_2,48.34
Facility1_3,Facility2_5,Facility3_6,Facility4_5,Facility5_6,Facility6_1,49.45
Facility1_3,Facility2_8,Facility3_2,Facility4_1,Facility5_5,Facility6_3,49.25
Facility1_5,Facility2_3,Facility3_5,Facility4_5,Facility5_3,Facility6_3,51.17
Facility1_5,Facility2_5,Facility3_3,Facility4_7,Facility5_6,Facility6_2,51.92
Facility1_5,Facility2_1,Facility3_2,Facility4_7,Facility5_8,Facility6_3,50.77
Facility1_4,Facility2_6,Facility3_5,Facility4_5,Facility5_7,Facility6_1,46.05
Facility1_7,Facility2_1,Facility3_6,Facility4_5,Facility5_7,Facility6_1,50.53
Facility1_2,Facility2_1,Facility3_5,Facility4_5,Facility5_5,Facility6_1,50.58
Facility1_4,Facility2_6,Facility3_6,Facility4_7,Facility5_4,Facility6_5,44.54
Facility1_6,Facility2_4,Facility3_5,Facility4_1,Facility5_5,Facility6_4,49.7
Facility1_4,Facility2_8,Facility3_2,Facility4_5,Facility5_7,Facility6_4,45.31
Facility1_3,Facility2_3,Facility3_4,Facility4_1,Facility5_1,Facility6_3,38.8
Facility1_5,Facility2_6,Facility3_6,Facility4_2,Facility5_8,Facility6_4,56.63
Facility1_1,Facility2_3,Facility3_4,Facility4_7,Facility5_7,Facility6_3,51.12
Facility1_7,Facility2_1,Facility3_2,Facility4_4,Facility5_5,Facility6_4,49.83
Facility1_4,Facility2_6,Facility3_3,Facility4_6,Facility5_4,Facility6_5,47.29
Facility1_5,Facility2_4,Facility3_2,Facility4_2,Facility5_8,Facility6_5,50.41
Facility1_1,Facility2_4,Facility3_5,Facility4_2,Facility5_8,Facility6_1,51.48
Facility1_6,Facility2_3,Facility3_5,Facility4_2,Facility5_1,Facility6_2,45.38
Facility1_6,Facility2_3,Facility3_4,Facility4_1,Facility5_8,Facility6_2,44.82
Facility1_1,Facility2_4,Facility3_1,Facility4_1,Facility5_7,Facility6_1,47.79
Facility1_7,Facility2_7,Facility3_4,Facility4_6,Facility5_8,Facility6_5,52.78
Facility1_2,Facility2_1,Facility3_1,Facility4_3,Facility5_6,Facility6_4,45.24
Facility1_2,Facility2_2,Facility3_2,Facility4_6,Facility5_2,Facility6_3,44.36
Facility1_2,Facility2_6,Facility3_3,Facility4_4,Facility5_3,Facility6_2,50.63
Facility1_4,Facility2_6,Facility3_6,Facility4_3,Facility5_4,Facility6_5,43.89
Facility1_1,Facility2_8,Facility3_2,Facility4_2,Facility5_3,Facility6_2,48.95
Facility1_1,Facility2_4,Facility3_4,Facility4_2,Facility5_3,Facility6_1,46.7
Facility1_2,Facility2_5,Facility3_4,Facility4_7,Facility5_4,Facility6_1,46.92
Facility1_5,Facility2_4,Facility3_4,Facility4_4,Facility5_3,Facility6_5,48.6
Facility1_1,Facility2_6,Facility3_6,Facility4_7,Facility5_8,Facility6_1,44.95
Facility1_6,Facility2_5,Facility3_4,Facility4_1,Facility5_7,Facility6_3,49.11
Facility1_4,Facility2_7,Facility3_3,Facility4_1,Facility5_6,Facility6_5,48.92
Facility1_3,Facility2_8,Facility3_2,Facility4_2,Facility5_8,Facility6_3,49.59
Facility1_7,Facility2_4,Facility3_4,Facility4_7,Facility5_7,Facility6_5,50.04
Facility1_7,Facility2_3,Facility3_6,Facility4_3,Facility5_1,Facility6_4,39.92
Facility1_2,Facility2_2,Facility3_3,Facility4_6,Facility5_3,Facility6_2,47.7
Facility1_1,Facility2_5,Facility3_3,Facility4_2,Facility5_4,Facility6_1,52.14
Facility1_5,Facility2_7,Facility3_4,Facility4_2,Facility5_4,Facility6_4,49.5
Facility1_3,Facility2_3,Facility3_6,Facility4_3,Facility5_4,Facility6_1,41.86
Facility1_5,Facility2_1,Facility3_4,Facility4_1,Facility5_6,Facility6_5,44.66
Facility1_5,Facility2_4,Facility3_6,Facility4_4,Facility5_7,Facility6_3,54.31
Facility1_2,Facility2_6,Facility3_5,Facility4_1,Facility5_6,Facility6_2,56.26
Facility1_7,Facility2_6,Facility3_4,Facility4_2,Facility5_2,Facility6_1,49.56
Facility1_7,Facility2_6,Facility3_4,Facility4_2,Facility5_2,Facility6_5,50.25
Facility1_2,Facility2_5,Facility3_1,Facility4_4,Facility5_3,Facility6_5,44.66
Facility1_4,Facility2_5,Facility3_6,Facility4_2,Facility5_4,Facility6_4,45.27
Facility1_6,Facility2_4,Facility3_5,Facility4_2,Facility5_8,Facility6_3,49.26
Facility1_3,Facility2_2,Facility3_1,Facility4_6,Facility5_1,Facility6_3,42.21
Facility1_6,Facility2_4,Facility3_3,Facility4_4,Facility5_6,Facility6_1,47.53
Facility1_4,Facility2_1,Facility3_2,Facility4_7,Facility5_3,Facility6_4,38.95
Facility1_4,Facility2_8,Facility3_2,Facility4_3,Facility5_8,Facility6_1,37.81
Facility1_2,Facility2_2,Facility3_6,Facility4_5,Facility5_4,Facility6_1,48.2
Facility1_5,Facility2_8,Facility3_5,Facility4_2,Facility5_1,Facility6_3,45.88
Facility1_2,Facility2_1,Facility3_1,Facility4_5,Facility5_1,Facility6_1,42.82
Facility1_2,Facility2_7,Facility3_2,Facility4_3,Facility5_8,Facility6_2,44.62
Facility1_2,Facility2_6,Facility3_2,Facility4_7,Facility5_2,Facility6_3,48.68
Facility1_6,Facility2_5,Facility3_3,Facility4_2,Facility5_8,Facility6_2,52.9
Facility1_1,Facility2_6,Facility3_1,Facility4_2,Facility5_1,Facility6_2,50.47
Facility1_2,Facility2_8,Facility3_6,Facility4_6,Facility5_6,Facility6_3,51.58
Facility1_3,Facility2_4,Facility3_3,Facility4_3,Facility5_7,Facility6_1,42.68
Facility1_5,Facility2_5,Facility3_1,Facility4_5,Facility5_8,Facility6_2,54.85
Facility1_2,Facility2_5,Facility3_5,Facility4_1,Facility5_2,Facility6_3,50.95
Facility1_7,Facility2_6,Facility3_2,Facility4_6,Facility5_4,Facility6_2,52.24
Facility1_2,Facility2_8,Facility3_5,Facility4_6,Facility5_3,Facility6_1,56.07
Facility1_3,Facility2_1,Facility3_3,Facility4_1,Facility5_8,Facility6_5,49.64
Facility1_3,Facility2_7,Facility3_1,Facility4_2,Facility5_6,Facility6_5,50.44
Facility1_4,Facility2_3,Facility3_3,Facility4_6,Facility5_3,Facility6_1,43.02
Facility1_4,Facility2_7,Facility3_2,Facility4_1,Facility5_4,Facility6_1,43.99
Facility1_4,Facility2_7,Facility3_1,Facility4_2,Facility5_3,Facility6_4,42.99
Facility1_7,Facility2_5,Facility3_1,Facility4_4,Facility5_4,Facility6_3,47.38
Facility1_5,Facility2_1,Facility3_5,Facility4_1,Facility5_6,Facility6_2,53.99
Facility1_7,Facility2_8,Facility3_3,Facility4_2,Facility5_5,Facility6_4,53.0
Facility1_7,Facility2_4,Facility3_6,Facility4_3,Facility5_8,Facility6_1,44.56
Facility1_1,Facility2_7,Facility3_5,Facility4_4,Facility5_4,Facility6_3,53.99
Facility1_2,Facility2_1,Facility3_1,Facility4_1,Facility5_5,Facility6_5,48.57
Facility1_5,Facility2_8,Facility3_1,Facility4_1,Facility5_7,Facility6_5,51.6
Facility1_5,Facility2_8,Facility3_5,Facility4_6,Facility5_7,Facility6_1,55.52
Facility1_1,Facility2_5,Facility3_5,Facility4_7,Facility5_7,Facility6_5,50.86
Facility1_6,Facility2_2,Facility3_2,Facility4_6,Facility5_8,Facility6_1,45.97
Facility1_3,Facility2_2,Facility3_4,Facility4_7,Facility5_3,Facility6_2,39.9
Facility1_3,Facility2_7,Facility3_6,Facility4_2,Facility5_2,Facility6_3,46.34
Facility1_6,Facility2_6,Facility3_6,Facility4_2,Facility5_3,Facility6_2,51.76
Facility1_2,Facility2_4,Facility3_2,Facility4_5,Facility5_3,Facility6_4,44.91
Facility1_3,Facility2_8,Facility3_4,Facility4_7,Facility5_2,Facility6_4,47.21
Facility1_1,Facility2_4,Facility3_2,Facility4_5,Facility5_2,Facility6_4,47.79
Facility1_1,Facility2_2,Facility3_3,Facility4_2,Facility5_6,Facility6_5,51.31
Facility1_2,Facility2_7,Facility3_2,Facility4_5,Facility5_1,Facility6_3,48.12
Facility1_5,Facility2_7,Facility3_6,Facility4_4,Facility5_6,Facility6_3,56.4
Facility1_6,Facility2_3,Facility3_3,Facility4_2,Facility5_2,Facility6_2,51.85
Facility1_1,Facility2_6,Facility3_1,Facility4_4,Facility5_2,Facility6_5,49.93
Facility1_2,Facility2_4,Facility3_2,Facility4_7,Facility5_3,Facility6_2,44.48
Facility1_1,Facility2_1,Facility3_2,Facility4_5,Facility5_7,Facility6_5,51.46
Facility1_4,Facility2_3,Facility3_2,Facility4_4,Facility5_3,Facility6_2,42.08
Facility1_5,Facility2_6,Facility3_2,Facility4_1,Facility5_6,Facility6_5,53.81
Facility1_1,Facility2_7,Facility3_2,Facility4_5,Facility5_7,Facility6_1,47.57
Facility1_5,Facility2_2,Facility3_1,Facility4_2,Facility5_3,Facility6_5,47.78
Facility1_4,Facility2_2,Facility3_1,Facility4_1,Facility5_8,Facility6_4,44.25
Facility1_7,Facility2_3,Facility3_4,Facility4_7,Facility5_2,Facility6_2,46.63
Facility1_4,Facility2_4,Facility3_4,Facility4_1,Facility5_6,Facility6_3,39.79
Facility1_6,Facility2_1,Facility3_5,Facility4_7,Facility5_3,Facility6_5,44.84
Facility1_4,Facility2_3,Facility3_5,Facility4_1,Facility5_7,Facility6_4,45.29
Facility1_5,Facility2_8,Facility3_6,Facility4_6,Facility5_3,Facility6_4,48.3
Facility1_4,Facility2_4,Facility3_4,Facility4_2,Facility5_2,Facility6_3,39.76
Facility1_4,Facility2_7,Facility3_1,Facility4_7,Facility5_7,Facility6_4,46.32
Facility1_1,Facility2_1,Facility3_3,Facility4_7,Facility5_5,Facility6_1,44.06
Facility1_6,Facility2_5,Facility3_3,Facility4_6,Facility5_7,Facility6_3,50.88
Facility1_7,Facility2_5,Facility3_4,Facility4_2,Facility5_6,Facility6_2,52.17
Facility1_7,Facility2_7,Facility3_2,Facility4_5,Facility5_2,Facility6_5,51.23
Facility1_6,Facility2_5,Facility3_6,Facility4_1,Facility5_5,Facility6_4,48.37
Facility1_3,Facility2_2,Facility3_4,Facility4_1,Facility5_4,Facility6_5,37.2
Facility1_7,Facility2_5,Facility3_1,Facility4_3,Facility5_7,Facility6_3,49.92
Facility1_3,Facility2_1,Facility3_5,Facility4_2,Facility5_7,Facility6_4,46.29
Facility1_2,Facility2_5,Facility3_5,Facility4_3,Facility5_3,Facility6_4,44.34
Facility1_1,Facility2_7,Facility3_2,Facility4_6,Facility5_7,Facility6_1,47.4
Facility1_5,Facility2_3,Facility3_1,Facility4_5,Facility5_7,Facility6_3,56.46
Facility1_5,Facility2_7,Facility3_1,Facility4_7,Facility5_1,Facility6_5,44.7
Facility1_6,Facility2_1,Facility3_1,Facility4_5,Facility5_4,Facility6_1,53.22
Facility1_6,Facility2_1,Facility3_2,Facility4_3,Facility5_7,Facility6_1,42.49
Facility1_3,Facility2_5,Facility3_1,Facility4_3,Facility5_7,Facility6_1,45.59
Facility1_4,Facility2_7,Facility3_4,Facility4_6,Facility5_3,Facility6_3,46.08
Facility1_3,Facility2_6,Facility3_2,Facility4_4,Facility5_5,Facility6_4,49.69
Facility1_5,Facility2_8,Facility3_2,Facility4_2,Facility5_3,Facility6_2,48.36
Facility1_2,Facility2_2,Facility3_1,Facility4_4,Facility5_6,Facility6_3,49.53
Facility1_4,Facility2_6,Facility3_1,Facility4_5,Facility5_3,Facility6_2,45.98
Facility1_1,Facility2_4,Facility3_6,Facility4_3,Facility5_8,Facility6_5,46.68
Facility1_4,Facility2_2,Facility3_3,Facility4_4,Facility5_7,Facility6_5,44.56
Facility1_3,Facility2_1,Facility3_6,Facility4_6,Facility5_5,Facility6_2,52.63
Facility1_1,Facility2_1,Facility3_5,Facility4_2,Facility5_8,Facility6_5,52.89
Facility1_4,Facility2_2,Facility3_6,Facility4_6,Facility5_5,Facility6_5,44.34
Facility1_7,Facility2_3,Facility3_6,Facility4_3,Facility5_8,Facility6_3,45.2
Facility1_7,Facility2_2,Facility3_5,Facility4_4,Facility5_8,Facility6_1,55.21
Facility1_7,Facility2_7,Facility3_4,Facility4_3,Facility5_2,Facility6_2,46.4
Facility1_7,Facility2_5,Facility3_3,Facility4_1,Facility5_3,Facility6_1,54.33
Facility1_1,Facility2_6,Facility3_6,Facility4_6,Facility5_5,Facility6_2,58.89
Facility1_4,Facility2_5,Facility3_2,Facility4_1,Facility5_8,Facility6_3,45.99
Facility1_2,Facility2_8,Facility3_1,Facility4_7,Facility5_4,Facility6_4,54.34
Facility1_2,Facility2_8,Facility3_3,Facility4_7,Facility5_5,Facility6_5,55.6
Facility1_2,Facility2_1,Facility3_4,Facility4_1,Facility5_7,Facility6_2,45.44
Facility1_3,Facility2_1,Facility3_2,Facility4_2,Facility5_6,Facility6_3,49.05
Facility1_5,Facility2_7,Facility3_3,Facility4_3,Facility5_7,Facility6_4,49.5
Facility1_7,Facility2_6,Facility3_1,Facility4_6,Facility5_2,Facility6_3,52.33
Facility1_6,Facility2_7,Facility3_1,Facility4_1,Facility5_8,Facility6_1,57.55
Facility1_3,Facility2_7,Facility3_4,Facility4_1,Facility5_8,Facility6_5,44.24
Facility1_1,Facility2_3,Facility3_4,Facility4_2,Facility5_2,Facility6_5,47.15
Facility1_7,Facility2_6,Facility3_1,Facility4_3,Facility5_5,Facility6_5,48.99
Facility1_5,Facility2_7,Facility3_6,Facility4_5,Facility5_2,Facility6_3,54.11
Facility1_4,Facility2_3,Facility3_2,Facility4_2,Facility5_7,Facility6_3,46.69
Facility1_5,Facility2_3,Facility3_6,Facility4_5,Facility5_4,Facility6_4,50.66
Facility1_5,Facility2_6,Facility3_5,Facility4_3,Facility5_7,Facility6_1,47.39
Facility1_2,Facility2_3,Facility3_4,Facility4_7,Facility5_5,Facility6_5,48.9
Facility1_7,Facility2_5,Facility3_3,Facility4_4,Facility5_8,Facility6_4,49.26
Facility1_3,Facility2_7,Facility3_5,Facility4_1,Facility5_1,Facility6_2,49.61
Facility1_7,Facility2_6,Facility3_6,Facility4_3,Facility5_8,Facility6_2,48.56
Facility1_4,Facility2_3,Facility3_2,Facility4_2,Facility5_7,Facility6_4,46.1
Facility1_4,Facility2_2,Facility3_2,Facility4_5,Facility5_6,Facility6_2,44.84
Facility1_5,Facility2_5,Facility3_1,Facility4_7,Facility5_3,Facility6_4,52.68
Facility1_3,Facility2_8,Facility3_2,Facility4_4,Facility5_5,Facility6_2,53.55
Facility1_6,Facility2_4,Facility3_3,Facility4_6,Facility5_5,Facility6_3,51.26
Facility1_6,Facility2_6,Facility3_6,Facility4_3,Facility5_5,Facility6_5,48.37
Facility1_3,Facility2_5,Facility3_4,Facility4_3,Facility5_6,Facility6_4,44.19
Facility1_6,Facility2_6,Facility3_4,Facility4_7,Facility5_8,Facility6_3,51.82
Facility1_1,Facility2_4,Facility3_4,Facility4_2,Facility5_8,Facility6_3,51.11
Facility1_6,Facility2_6,Facility3_6,Facility4_4,Facility5_5,Facility6_3,51.84
Facility1_2,Facility2_1,Facility3_1,Facility4_2,Facility5_2,Facility6_2,48.03
Facility1_2,Facility2_2,Facility3_1,Facility4_1,Facility5_3,Facility6_2,46.97
Facility1_4,Facility2_4,Facility3_4,Facility4_7,Facility5_5,Facility6_4,42.53
Facility1_6,Facility2_5,Facility3_5,Facility4_1,Facility5_4,Facility6_4,46.5
Facility1_5,Facility2_3,Facility3_6,Facility4_1,Facility5_2,Facility6_1,49.4
Facility1_4,Facility2_2,Facility3_4,Facility4_1,Facility5_1,Facility6_3,33.64
Facility1_6,Facility2_2,Facility3_6,Facility4_3,Facility5_8,Facility6_4,40.45
Facility1_7,Facility2_2,Facility3_6,Facility4_6,Facility5_8,Facility6_5,57.47
Facility1_5,Facility2_5,Facility3_5,Facility4_5,Facility5_8,Facility6_2,53.22
Facility1_7,Facility2_4,Facility3_1,Facility4_7,Facility5_4,Facility6_1,50.09
Facility1_4,Facility2_1,Facility3_1,Facility4_1,Facility5_3,Facility6_1,42.35
Facility1_1,Facility2_8,Facility3_5,Facility4_7,Facility5_7,Facility6_5,55.08
Facility1_1,Facility2_7,Facility3_3,Facility4_3,Facility5_5,Facility6_3,50.51
Facility1_4,Facility2_5,Facility3_2,Facility4_5,Facility5_2,Facility6_2,43.58
Facility1_1,Facility2_2,Facility3_4,Facility4_6,Facility5_3,Facility6_2,46.91
Facility1_7,Facility2_3,Facility3_6,Facility4_6,Facility5_6,Facility6_5,50.78
Facility1_5,Facility2_5,Facility3_4,Facility4_3,Facility5_4,Facility6_4,43.65
Facility1_3,Facility2_6,Facility3_5,Facility4_5,Facility5_2,Facility6_5,51.48
Facility1_4,Facility2_6,Facility3_4,Facility4_6,Facility5_5,Facility6_5,47.34
Facility1_7,Facility2_5,Facility3_5,Facility4_2,Facility5_2,Facility6_1,48.09
Facility1_6,Facility2_6,Facility3_5,Facility4_3,Facility5_5,Facility6_5,49.18
Facility1_7,Facility2_5,Facility3_6,Facility4_5,Facility5_8,Facility6_4,51.81
Facility1_1,Facility2_6,Facility3_4,Facility4_7,Facility5_6,Facility6_2,52.89
Facility1_1,Facility2_6,Facility3_5,Facility4_3,Facility5_5,Facility6_1,43.85
Facility1_3,Facility2_4,Facility3_2,Facility4_1,Facility5_1,Facility6_5,36.67
Facility1_6,Facility2_6,Facility3_3,Facility4_4,Facility5_3,Facility6_5,49.64
Facility1_3,Facility2_7,Facility3_5,Facility4_1,Facility5_3,Facility6_2,51.12
Facility1_6,Facility2_3,Facility3_1,Facility4_2,Facility5_4,Facility6_3,57.5
Facility1_1,Facility2_1,Facility3_3,Facility4_5,Facility5_8,Facility6_2,54.55
Facility1_4,Facility2_1,Facility3_2,Facility4_4,Facility5_5,Facility6_3,44.74
Facility1_7,Facility2_3,Facility3_6,Facility4_2,Facility5_6,Facility6_3,52.29
Facility1_7,Facility2_6,Facility3_2,Facility4_4,Facility5_5,Facility6_3,52.97
Facility1_5,Facility2_5,Facility3_6,Facility4_1,Facility5_6,Facility6_2,52.63
Facility1_3,Facility2_3,Facility3_3,Facility4_7,Facility5_4,Facility6_5,47.42
Facility1_3,Facility2_3,Facility3_3,Facility4_5,Facility5_3,Facility6_1,44.25
Facility1_1,Facility2_1,Facility3_3,Facility4_1,Facility5_6,Facility6_1,48.23
Facility1_1,Facility2_7,Facility3_2,Facility4_6,Facility5_2,Facility6_1,44.35
Facility1_7,Facility2_1,Facility3_1,Facility4_4,Facility5_8,Facility6_5,50.04
Facility1_2,Facility2_2,Facility3_2,Facility4_3,Facility5_3,Facility6_3,39.6
Facility1_2,Facility2_1,Facility3_6,Facility4_3,Facility5_7,Facility6_3,45.4
Facility1_4,Facility2_8,Facility3_1,Facility4_7,Facility5_6,Facility6_2,51.16
Facility1_2,Facility2_5,Facility3_6,Facility4_5,Facility5_5,Facility6_5,48.95
Facility1_3,Facility2_6,Facility3_5,Facility4_6,Facility5_3,Facility6_2,50.56
Facility1_3,Facility2_4,Facility3_1,Facility4_5,Facility5_2,Facility6_2,47.07
Facility1_1,Facility2_3,Facility3_2,Facility4_4,Facility5_6,Facility6_5,50.45
Facility1_5,Facility2_3,Facility3_1,Facility4_4,Facility5_6,Facility6_3,55.59
Facility1_1,Facility2_8,Facility3_3,Facility4_5,Facility5_5,Facility6_4,51.64
Facility1_5,Facility2_8,Facility3_1,Facility4_1,Facility5_2,Facility6_5,48.29
Facility1_1,Facility2_5,Facility3_3,Facility4_3,Facility5_6,Facility6_5,49.94
Facility1_2,Facility2_4,Facility3_1,Facility4_4,Facility5_6,Facility6_1,49.25
Facility1_4,Facility2_5,Facility3_6,Facility4_2,Facility5_7,Facility6_1,46.8
Facility1_5,Facility2_7,Facility3_2,Facility4_4,Facility5_8,Facility6_2,55.11
Facility1_3,Facility2_1,Facility3_6,Facility4_7,Facility5_1,Facility6_2,41.45
Facility1_1,Facility2_2,Facility3_6,Facility4_2,Facility5_4,Facility6_2,50.39
Facility1_4,Facility2_7,Facility3_2,Facility4_2,Facility5_5,Facility6_4,44.07
Facility1_7,Facility2_2,Facility3_5,Facility4_7,Facility5_3,Facility6_1,51.15
Facility1_5,Facility2_6,Facility3_2,Facility4_1,Facility5_2,Facility6_3,50.3
Facility1_3,Facility2_1,Facility3_5,Facility4_4,Facility5_7,Facility6_4,45.18
Facility1_6,Facility2_8,Facility3_4,Facility4_2,Facility5_1,Facility6_4,44.0
Facility1_1,Facility2_1,Facility3_5,Facility4_1,Facility5_4,Facility6_5,51.72
Facility1_3,Facility2_7,Facility3_1,Facility4_2,Facility5_5,Facility6_3,50.53
Facility1_2,Facility2_1,Facility3_5,Facility4_1,Facility5_1,Facility6_3,48.27
Facility1_7,Facility2_8,Facility3_2,Facility4_3,Facility5_7,Facility6_3,45.46
Facility1_4,Facility2_1,Facility3_1,Facility4_3,Facility5_4,Facility6_5,39.24
Facility1_3,Facility2_3,Facility3_6,Facility4_5,Facility5_1,Facility6_5,38.68
Facility1_3,Facility2_8,Facility3_4,Facility4_5,Facility5_3,Facility6_5,44.39
Facility1_2,Facility2_5,Facility3_6,Facility4_3,Facility5_3,Facility6_4,40.93
Facility1_7,Facility2_4,Facility3_6,Facility4_2,Facility5_8,Facility6_1,51.31
Facility1_2,Facility2_5,Facility3_4,Facility4_7,Facility5_5,Facility6_3,49.26
Facility1_7,Facility2_1,Facility3_3,Facility4_1,Facility5_1,Facility6_4,46.14
Facility1_3,Facility2_7,Facility3_1,Facility4_1,Facility5_3,Facility6_2,49.76
Facility1_5,Facility2_4,Facility3_1,Facility4_3,Facility5_4,Facility6_3,47.27
Facility1_7,Facility2_1,Facility3_5,Facility4_1,Facility5_4,Facility6_3,51.03
Facility1_5,Facility2_4,Facility3_4,Facility4_1,Facility5_1,Facility6_1,36.55
Facility1_5,Facility2_1,Facility3_1,Facility4_2,Facility5_4,Facility6_5,50.67
Facility1_6,Facility2_2,Facility3_6,Facility4_3,Facility5_4,Facility6_5,44.31
Facility1_3,Facility2_4,Facility3_2,Facility4_6,Facility5_2,Facility6_5,44.57
Facility1_3,Facility2_2,Facility3_5,Facility4_4,Facility5_5,Facility6_4,42.08
Facility1_4,Facility2_4,Facility3_6,Facility4_3,Facility5_6,Facility6_2,41.22
Facility1_1,Facility2_2,Facility3_6,Facility4_4,Facility5_8,Facility6_3,50.04
Facility1_2,Facility2_7,Facility3_5,Facility4_7,Facility5_7,Facility6_3,54.34
Facility1_6,Facility2_3,Facility3_6,Facility4_4,Facility5_3,Facility6_4,47.02
Facility1_7,Facility2_1,Facility3_6,Facility4_4,Facility5_4,Facility6_2,52.29
Facility1_6,Facility2_1,Facility3_3,Facility4_1,Facility5_5,Facility6_1,50.02
Facility1_6,Facility2_1,Facility3_4,Facility4_2,Facility5_3,Facility6_2,49.59
Facility1_4,Facility2_8,Facility3_6,Facility4_3,Facility5_7,Facility6_4,41.47
Facility1_1,Facility2_4,Facility3_1,Facility4_7,Facility5_6,Facility6_5,50.64
Facility1_2,Facility2_1,Facility3_1,Facility4_6,Facility5_4,Facility6_1,49.29
Facility1_2,Facility2_2,Facility3_5,Facility4_1,Facility5_7,Facility6_2,51.21
Facility1_1,Facility2_5,Facility3_5,Facility4_7,Facility5_3,Facility6_4,51.41
Facility1_3,Facility2_6,Facility3_3,Facility4_6,Facility5_2,Facility6_3,51.32
Facility1_2,Facility2_8,Facility3_6,Facility4_6,Facility5_1,Facility6_1,45.5
Facility1_3,Facility2_8,Facility3_6,Facility4_7,Facility5_7,Facility6_4,52.89
Facility1_2,Facility2_3,Facility3_4,Facility4_1,Facility5_3,Facility6_2,43.36
Facility1_3,Facility2_1,Facility3_5,Facility4_7,Facility5_5,Facility6_1,44.51
Facility1_5,Facility2_2,Facility3_1,Facility4_4,Facility5_5,Facility6_1,47.09
Facility1_7,Facility2_4,Facility3_4,Facility4_4,Facility5_3,Facility6_1,46.15
Facility1_3,Facility2_1,Facility3_3,Facility4_6,Facility5_4,Facility6_4,46.87
Facility1_5,Facility2_5,Facility3_1,Facility4_4,Facility5_5,Facility6_3,48.13
Facility1_2,Facility2_4,Facility3_4,Facility4_5,Facility5_1,Facility6_3,46.48
Facility1_1,Facility2_2,Facility3_1,Facility4_4,Facility5_1,Facility6_2,44.39
Facility1_3,Facility2_6,Facility3_5,Facility4_2,Facility5_3,Facility6_4,52.23
Facility1_2,Facility2_6,Facility3_4,Facility4_6,Facility5_1,Facility6_3,45.84
Facility1_1,Facility2_4,Facility3_5,Facility4_6,Facility5_8,Facility6_2,53.61
Facility1_6,Facility2_6,Facility3_1,Facility4_4,Facility5_6,Facility6_4,58.19
Facility1_6,Facility2_3,Facility3_5,Facility4_7,Facility5_3,Facility6_1,43.49
Facility1_7,Facility2_3,Facility3_3,Facility4_6,Facility5_4,Facility6_5,53.54
Facility1_4,Facility2_5,Facility3_5,Facility4_6,Facility5_3,Facility6_5,52.21
Facility1_7,Facility2_4,Facility3_2,Facility4_5,Facility5_4,Facility6_5,50.52
Facility1_4,Facility2_2,Facility3_2,Facility4_4,Facility5_1,Facility6_3,37.77
Facility1_3,Facility2_3,Facility3_6,Facility4_2,Facility5_5,Facility6_1,46.91
Facility1_2,Facility2_2,Facility3_1,Facility4_4,Facility5_7,Facility6_3,48.8
Facility1_4,Facility2_1,Facility3_6,Facility4_3,Facility5_6,Facility6_3,42.06
Facility1_1,Facility2_7,Facility3_6,Facility4_1,Facility5_3,Facility6_2,53.76
Facility1_7,Facility2_8,Facility3_1,Facility4_7,Facility5_7,Facility6_5,53.38
Facility1_1,Facility2_4,Facility3_2,Facility4_6,Facility5_5,Facility6_1,44.74
Facility1_2,Facility2_2,Facility3_6,Facility4_3,Facility5_1,Facility6_5,32.81
Facility1_3,Facility2_1,Facility3_2,Facility4_4,Facility5_2,Facility6_2,44.45
Facility1_3,Facility2_5,Facility3_6,Facility4_1,Facility5_4,Facility6_5,48.17
Facility1_3,Facility2_6,Facility3_4,Facility4_5,Facility5_2,Facility6_2,47.91
Facility1_5,Facility2_3,Facility3_4,Facility4_4,Facility5_3,Facility6_2,51.37
Facility1_3,Facility2_6,Facility3_1,Facility4_3,Facility5_4,Facility6_5,45.07
Facility1_1,Facility2_6,Facility3_6,Facility4_6,Facility5_7,Facility6_5,54.3
Facility1_6,Facility2_2,Facility3_1,Facility4_7,Facility5_4,Facility6_3,53.73
Facility1_7,Facility2_1,Facility3_5,Facility4_1,Facility5_4,Facility6_2,51.94
Facility1_2,Facility2_7,Facility3_3,Facility4_4,Facility5_2,Facility6_1,49.94
Facility1_6,Facility2_6,Facility3_5,Facility4_3,Facility5_8,Facility6_3,46.07
Facility1_2,Facility2_7,Facility3_6,Facility4_2,Facility5_7,Facility6_2,52.3
Facility1_4,Facility2_6,Facility3_2,Facility4_4,Facility5_7,Facility6_3,46.84
Facility1_2,Facility2_7,Facility3_2,Facility4_5,Facility5_5,Facility6_2,55.75
Facility1_2,Facility2_4,Facility3_1,Facility4_4,Facility5_7,Facility6_5,48.33
Facility1_7,Facility2_5,Facility3_1,Facility4_1,Facility5_7,Facility6_3,54.78
Facility1_3,Facility2_2,Facility3_1,Facility4_2,Facility5_5,Facility6_5,40.65
Facility1_7,Facility2_8,Facility3_6,Facility4_5,Facility5_7,Facility6_2,51.15
Facility1_7,Facility2_3,Facility3_6,Facility4_3,Facility5_2,Facility6_2,43.83
Facility1_6,Facility2_2,Facility3_1,Facility4_1,Facility5_2,Facility6_2,51.49
Facility1_2,Facility2_1,Facility3_5,Facility4_6,Facility5_7,Facility6_2,58.67
Facility1_5,Facility2_2,Facility3_2,Facility4_2,Facility5_3,Facility6_5,47.93
Facility1_5,Facility2_3,Facility3_3,Facility4_6,Facility5_1,Facility6_1,44.04
Facility1_6,Facility2_2,Facility3_5,Facility4_4,Facility5_5,Facility6_4,41.68
Facility1_4,Facility2_5,Facility3_5,Facility4_4,Facility5_4,Facility6_5,39.66
Facility1_5,Facility2_7,Facility3_4,Facility4_1,Facility5_6,Facility6_2,47.62
Facility1_5,Facility2_6,Facility3_3,Facility4_7,Facility5_6,Facility6_2,54.12
Facility1_7,Facility2_2,Facility3_4,Facility4_7,Facility5_6,Facility6_2,54.55
Facility1_5,Facility2_2,Facility3_6,Facility4_2,Facility5_2,Facility6_3,47.73
Facility1_7,Facility2_4,Facility3_1,Facility4_4,Facility5_4,Facility6_1,49.83
Facility1_1,Facility2_4,Facility3_4,Facility4_6,Facility5_6,Facility6_1,46.2
Facility1_4,Facility2_5,Facility3_5,Facility4_7,Facility5_2,Facility6_2,42.8
Facility1_1,Facility2_7,Facility3_3,Facility4_3,Facility5_1,Facility6_1,35.57
Facility1_7,Facility2_8,Facility3_6,Facility4_6,Facility5_5,Facility6_1,49.39
Facility1_2,Facility2_6,Facility3_1,Facility4_4,Facility5_3,Facility6_1,48.05
Facility1_6,Facility2_2,Facility3_5,Facility4_1,Facility5_1,Facility6_1,40.08
Facility1_6,Facility2_2,Facility3_5,Facility4_2,Facility5_7,Facility6_2,48.65
Facility1_6,Facility2_3,Facility3_1,Facility4_4,Facility5_6,Facility6_1,54.47
Facility1_1,Facility2_1,Facility3_1,Facility4_7,Facility5_8,Facility6_4,49.65
Facility1_6,Facility2_5,Facility3_2,Facility4_4,Facility5_5,Facility6_1,41.43
Facility1_1,Facility2_2,Facility3_4,Facility4_7,Facility5_3,Facility6_2,44.69
Facility1_3,Facility2_8,Facility3_5,Facility4_4,Facility5_7,Facility6_5,49.46
Facility1_2,Facility2_4,Facility3_4,Facility4_6,Facility5_8,Facility6_5,49.91
Facility1_7,Facility2_3,Facility3_3,Facility4_5,Facility5_8,Facility6_5,54.94
Facility1_3,Facility2_4,Facility3_5,Facility4_2,Facility5_4,Facility6_3,49.39
Facility1_7,Facility2_2,Facility3_1,Facility4_2,Facility5_3,Facility6_1,53.97
Facility1_4,Facility2_3,Facility3_6,Facility4_1,Facility5_5,Facility6_4,45.35
Facility1_5,Facility2_7,Facility3_1,Facility4_4,Facility5_1,Facility6_3,49.72
Facility1_4,Facility2_7,Facility3_6,Facility4_2,Facility5_6,Facility6_3,47.09
Facility1_6,Facility2_2,Facility3_4,Facility4_2,Facility5_2,Facility6_5,44.79
Facility1_5,Facility2_6,Facility3_4,Facility4_2,Facility5_8,Facility6_4,54.55
Facility1_2,Facility2_4,Facility3_6,Facility4_5,Facility5_5,Facility6_2,54.37
Facility1_4,Facility2_3,Facility3_5,Facility4_1,Facility5_7,Facility6_5,45.88
Facility1_4,Facility2_7,Facility3_3,Facility4_6,Facility5_8,Facility6_3,48.25
Facility1_4,Facility2_5,Facility3_1,Facility4_4,Facility5_1,Facility6_3,36.17
Facility1_2,Facility2_7,Facility3_1,Facility4_1,Facility5_3,Facility6_2,50.87
Facility1_6,Facility2_5,Facility3_4,Facility4_4,Facility5_3,Facility6_1,41.23
Facility1_5,Facility2_2,Facility3_5,Facility4_7,Facility5_6,Facility6_5,50.33
Facility1_4,Facility2_1,Facility3_5,Facility4_6,Facility5_2,Facility6_3,48.98
Facility1_6,Facility2_6,Facility3_4,Facility4_6,Facility5_2,Facility6_4,49.1
Facility1_6,Facility2_8,Facility3_2,Facility4_5,Facility5_1,Facility6_4,42.81
Facility1_6,Facility2_2,Facility3_4,Facility4_5,Facility5_7,Facility6_4,46.47
Facility1_7,Facility2_8,Facility3_5,Facility4_7,Facility5_2,Facility6_5,52.11
Facility1_2,Facility2_8,Facility3_3,Facility4_3,Facility5_2,Facility6_2,46.47
Facility1_1,Facility2_6,Facility3_5,Facility4_6,Facility5_8,Facility6_1,48.31
Facility1_5,Facility2_8,Facility3_1,Facility4_6,Facility5_1,Facility6_1,44.24
Facility1_3,Facility2_7,Facility3_5,Facility4_4,Facility5_2,Facility6_2,50.17
Facility1_3,Facility2_6,Facility3_3,Facility4_7,Facility5_1,Facility6_3,44.27
Facility1_1,Facility2_3,Facility3_3,Facility4_6,Facility5_8,Facility6_1,46.48
Facility1_6,Facility2_2,Facility3_4,Facility4_2,Facility5_1,Facility6_3,42.83
Facility1_4,Facility2_4,Facility3_6,Facility4_3,Facility5_5,Facility6_1,38.22
Facility1_1,Facility2_2,Facility3_1,Facility4_7,Facility5_8,Facility6_2,49.03
Facility1_2,Facility2_8,Facility3_2,Facility4_3,Facility5_5,Facility6_5,43.63
Facility1_2,Facility2_2,Facility3_3,Facility4_1,Facility5_1,Facility6_2,42.65
Facility1_3,Facility2_8,Facility3_1,Facility4_3,Facility5_5,Facility6_1,44.45
Facility1_6,Facility2_2,Facility3_3,Facility4_7,Facility5_4,Facility6_5,46.14
Facility1_3,Facility2_4,Facility3_1,Facility4_2,Facility5_4,Facility6_4,46.82
Facility1_1,Facility2_7,Facility3_6,Facility4_3,Facility5_5,Facility6_4,47.75
Facility1_2,Facility2_6,Facility3_6,Facility4_7,Facility5_6,Facility6_1,48.61
Facility1_2,Facility2_4,Facility3_4,Facility4_5,Facility5_1,Facility6_5,43.06
Facility1_1,Facility2_5,Facility3_3,Facility4_6,Facility5_8,Facility6_5,54.07
Facility1_2,Facility2_2,Facility3_4,Facility4_2,Facility5_6,Facility6_4,46.57
Facility1_2,Facility2_1,Facility3_2,Facility4_2,Facility5_3,Facility6_5,45.0
Facility1_4,Facility2_3,Facility3_3,Facility4_2,Facility5_5,Facility6_5,47.22
Facility1_5,Facility2_3,Facility3_6,Facility4_7,Facility5_8,Facility6_3,50.78
Facility1_3,Facility2_8,Facility3_4,Facility4_4,Facility5_6,Facility6_3,48.53
Facility1_7,Facility2_6,Facility3_1,Facility4_6,Facility5_1,Facility6_5,47.72
Facility1_6,Facility2_7,Facility3_1,Facility4_2,Facility5_8,Facility6_4,56.81
Facility1_2,Facility2_5,Facility3_6,Facility4_4,Facility5_3,Facility6_2,44.45
Facility1_5,Facility2_7,Facility3_5,Facility4_3,Facility5_1,Facility6_4,41.92
Facility1_5,Facility2_8,Facility3_5,Facility4_3,Facility5_3,Facility6_5,44.95
Facility1_1,Facility2_6,Facility3_1,Facility4_5,Facility5_6,Facility6_5,53.88
Facility1_3,Facility2_6,Facility3_5,Facility4_4,Facility5_7,Facility6_1,50.27
Facility1_7,Facility2_3,Facility3_6,Facility4_6,Facility5_8,Facility6_4,51.08
Facility1_2,Facility2_7,Facility3_2,Facility4_6,Facility5_4,Facility6_1,49.61
Facility1_1,Facility2_5,Facility3_1,Facility4_6,Facility5_8,Facility6_2,55.36
Facility1_6,Facility2_7,Facility3_1,Facility4_5,Facility5_2,Facility6_5,53.37
Facility1_3,Facility2_6,Facility3_6,Facility4_5,Facility5_2,Facility6_5,49.92
Facility1_1,Facility2_6,Facility3_5,Facility4_4,Facility5_6,Facility6_2,55.49
Facility1_5,Facility2_8,Facility3_3,Facility4_6,Facility5_4,Facility6_4,51.07
Facility1_3,Facility2_7,Facility3_3,Facility4_4,Facility5_8,Facility6_4,50.52
Facility1_4,Facility2_3,Facility3_5,Facility4_2,Facility5_8,Facility6_1,46.66
Facility1_3,Facility2_1,Facility3_4,Facility4_4,Facility5_3,Facility6_2,43.73
Facility1_2,Facility2_6,Facility3_1,Facility4_3,Facility5_1,Facility6_1,41.27
Facility1_4,Facility2_1,Facility3_6,Facility4_3,Facility5_6,Facility6_1,39.96
Facility1_2,Facility2_4,Facility3_5,Facility4_5,Facility5_5,Facility6_4,51.26
Facility1_3,Facility2_1,Facility3_1,Facility4_3,Facility5_5,Facility6_4,42.39
Facility1_6,Facility2_3,Facility3_4,Facility4_7,Facility5_3,Facility6_2,45.2
Facility1_3,Facility2_4,Facility3_4,Facility4_6,Facility5_5,Facility6_5,47.77
Facility1_4,Facility2_3,Facility3_2,Facility4_2,Facility5_3,Facility6_1,42.08
Facility1_1,Facility2_7,Facility3_6,Facility4_6,Facility5_1,Facility6_1,42.85
Facility1_2,Facility2_5,Facility3_5,Facility4_6,Facility5_5,Facility6_4,57.17
Facility1_6,Facility2_2,Facility3_4,Facility4_3,Facility5_5,Facility6_4,36.29
Facility1_7,Facility2_2,Facility3_6,Facility4_3,Facility5_4,Facility6_5,52.62
Facility1_5,Facility2_6,Facility3_2,Facility4_5,Facility5_3,Facility6_5,50.92
Facility1_1,Facility2_2,Facility3_2,Facility4_7,Facility5_3,Facility6_2,44.41
Facility1_6,Facility2_8,Facility3_3,Facility4_3,Facility5_4,Facility6_1,44.43
Facility1_6,Facility2_7,Facility3_3,Facility4_7,Facility5_1,Facility6_4,43.72
Facility1_7,Facility2_4,Facility3_2,Facility4_1,Facility5_6,Facility6_1,49.79
Facility1_4,Facility2_6,Facility3_6,Facility4_1,Facility5_2,Facility6_4,46.3
Facility1_1,Facility2_7,Facility3_6,Facility4_1,Facility5_4,Facility6_3,54.96
Facility1_3,Facility2_7,Facility3_5,Facility4_3,Facility5_2,Facility6_2,45.81
Facility1_4,Facility2_5,Facility3_5,Facility4_3,Facility5_5,Facility6_2,47.65
Facility1_3,Facility2_7,Facility3_2,Facility4_6,Facility5_6,Facility6_2,52.26
Facility1_3,Facility2_7,Facility3_6,Facility4_5,Facility5_3,Facility6_5,47.41
Facility1_3,Facility2_2,Facility3_5,Facility4_1,Facility5_2,Facility6_3,45.74
Facility1_1,Facility2_6,Facility3_6,Facility4_2,Facility5_4,Facility6_4,55.49
Facility1_7,Facility2_5,Facility3_6,Facility4_3,Facility5_2,Facility6_3,45.01
Facility1_2,Facility2_4,Facility3_2,Facility4_4,Facility5_6,Facility6_1,46.46
Facility1_3,Facility2_1,Facility3_3,Facility4_3,Facility5_1,Facility6_3,35.97
Facility1_7,Facility2_6,Facility3_2,Facility4_2,Facility5_6,Facility6_3,55.04
Facility1_6,Facility2_4,Facility3_4,Facility4_5,Facility5_3,Facility6_4,44.5
Facility1_4,Facility2_2,Facility3_5,Facility4_3,Facility5_4,Facility6_5,40.95
Facility1_4,Facility2_6,Facility3_1,Facility4_3,Facility5_6,Facility6_3,45.1
Facility1_4,Facility2_4,Facility3_6,Facility4_4,Facility5_7,Facility6_3,45.38
